date,portfolio_return,benchmark_return,cumulative_return,benchmark_cumulative_return
2020-01-01,0.00077098,0.00077098,0.00077098,0.00077098
2020-01-02,0.00023230,0.00023230,0.00100346,0.00100346
2020-01-03,0.00057481,0.00057481,0.00157884,0.00157884
2020-01-06,0.00415070,0.00415070,0.00573609,0.00573609
2020-01-07,0.00277848,0.00277848,0.00853051,0.00853051
2020-01-08,-0.00101429,-0.00101429,0.00750756,0.00750756
2020-01-09,0.00345882,0.00345882,0.01099235,0.01099235
2020-01-10,0.00163613,0.00163613,0.01264647,0.01264647
2020-01-13,0.00181879,0.00181879,0.01448826,0.01448826
2020-01-14,0.00034803,0.00034803,0.01484133,0.01484133
2020-01-15,-0.00208723,-0.00208723,0.01272312,0.01272312
2020-01-16,-0.00044370,-0.00044370,0.01227378,0.01227378
2020-01-17,0.00126048,0.00126048,0.01354973,0.01354973
2020-01-20,-0.00377225,-0.00377225,0.00972637,0.00972637
2020-01-21,-0.00384857,-0.00384857,0.00584037,0.00584037
2020-01-22,-0.00155769,-0.00155769,0.00427358,0.00427358
2020-01-23,-0.00294989,-0.00294989,0.00131108,0.00131108
2020-01-24,0.00037829,0.00037829,0.00168987,0.00168987
2020-01-27,-0.00024038,-0.00024038,0.00144909,0.00144909
2020-01-28,-0.00194817,-0.00194817,-0.00050191,-0.00050191
2020-01-29,0.00444194,0.00444194,0.00393781,0.00393781
2020-01-30,-0.00046999,-0.00046999,0.00346597,0.00346597
2020-01-31,0.00064620,0.00064620,0.00411441,0.00411441
2020-02-03,-0.00239526,-0.00252656,0.00170930,0.00157745
2020-02-04,-0.00083342,-0.00088350,0.00087445,0.00069256
2020-02-05,-0.00189030,-0.00186427,-0.00101750,-0.00117300
2020-02-06,-0.00368952,-0.00369622,-0.00470327,-0.00486488
2020-02-07,-0.00107894,-0.00083312,-0.00577713,-0.00569395
2020-02-10,-0.00246299,-0.00245803,-0.00822589,-0.00813798
2020-02-11,-0.00060470,-0.00059867,-0.00882562,-0.00873178
2020-02-12,0.00014556,-0.00001202,-0.00868135,-0.00874369
2020-02-13,0.00541191,0.00545789,-0.00331642,-0.00333352
2020-02-14,-0.00502634,-0.00493967,-0.00832609,-0.00825673
2020-02-17,-0.00393744,-0.00400060,-0.01223075,-0.01222429
2020-02-18,0.00117190,0.00127945,-0.01107318,-0.01096048
2020-02-19,-0.00386802,-0.00393454,-0.01489837,-0.01485190
2020-02-20,0.00106530,0.00103044,-0.01384894,-0.01383676
2020-02-21,-0.00556645,-0.00572176,-0.01933831,-0.01947935
2020-02-24,-0.00289820,-0.00287244,-0.02218047,-0.02229584
2020-02-25,0.00059381,0.00056661,-0.02159983,-0.02174187
2020-02-26,-0.00076709,-0.00070062,-0.02235035,-0.02242725
2020-02-27,0.00469802,0.00463866,-0.01775733,-0.01789262
2020-02-28,0.00203450,0.00192109,-0.01575896,-0.01600590
2020-03-02,-0.00048754,-0.00055559,-0.01623882,-0.01655260
2020-03-03,-0.00493495,-0.00522703,-0.02109363,-0.02169311
2020-03-04,-0.00276175,-0.00286784,-0.02379712,-0.02449874
2020-03-05,0.00050132,0.00043021,-0.02330773,-0.02407907
2020-03-06,0.00365951,0.00376289,-0.01973351,-0.02040679
2020-03-09,0.00174529,0.00185624,-0.01802266,-0.01858843
2020-03-10,-0.00438060,-0.00447509,-0.02232431,-0.02298033
2020-03-11,-0.00130936,-0.00123439,-0.02360444,-0.02418635
2020-03-12,-0.00206273,-0.00212657,-0.02561847,-0.02626149
2020-03-13,0.00197958,0.00170619,-0.02368961,-0.02460011
2020-03-16,0.00324740,0.00339196,-0.02051914,-0.02129159
2020-03-17,0.00322550,0.00329055,-0.01735982,-0.01807110
2020-03-18,0.00243218,0.00259835,-0.01496986,-0.01551970
2020-03-19,-0.00085128,-0.00091789,-0.01580840,-0.01642335
2020-03-20,-0.00034218,-0.00028096,-0.01614517,-0.01669969
2020-03-23,0.00144089,0.00155017,-0.01472754,-0.01517541
2020-03-24,0.00490976,0.00497423,-0.00989009,-0.01027666
2020-03-25,-0.00075907,-0.00070578,-0.01064165,-0.01097519
2020-03-26,0.00040061,0.00029069,-0.01024530,-0.01068769
2020-03-27,-0.00444056,-0.00448619,-0.01464037,-0.01512594
2020-03-30,-0.00145171,-0.00166321,-0.01607082,-0.01676399
2020-03-31,0.00441402,0.00452104,-0.01172774,-0.01231874
2020-04-01,0.00266031,0.00287123,-0.00909863,-0.00948289
2020-04-02,0.00128506,0.00118651,-0.00782526,-0.00830763
2020-04-03,0.00219971,0.00249731,-0.00564276,-0.00583108
2020-04-06,-0.00117247,-0.00091864,-0.00680862,-0.00674436
2020-04-07,-0.00226995,-0.00230194,-0.00906311,-0.00903078
2020-04-08,0.00136593,0.00146347,-0.00770956,-0.00758052
2020-04-09,0.00419942,0.00446006,-0.00354252,-0.00315427
2020-04-10,0.00130966,0.00121000,-0.00223750,-0.00194808
2020-04-13,0.00116358,0.00158898,-0.00107652,-0.00036220
2020-04-14,-0.00532059,-0.00589733,-0.00639138,-0.00625739
2020-04-15,0.00523096,0.00540801,-0.00119385,-0.00088322
2020-04-16,-0.00437247,-0.00407519,-0.00556110,-0.00495481
2020-04-17,0.00051255,0.00045815,-0.00505140,-0.00449893
2020-04-20,-0.00047491,-0.00040905,-0.00552391,-0.00490614
2020-04-21,-0.00285988,-0.00330328,-0.00836799,-0.00819322
2020-04-22,-0.00169274,-0.00163072,-0.01004657,-0.00981058
2020-04-23,0.00019450,0.00049946,-0.00985402,-0.00931602
2020-04-24,0.00529046,0.00560681,-0.00461569,-0.00376144
2020-04-27,0.00324810,0.00304813,-0.00138259,-0.00072478
2020-04-28,-0.00545430,-0.00544884,-0.00682935,-0.00616967
2020-04-29,-0.00319354,-0.00313508,-0.01000108,-0.00928541
2020-04-30,0.00685483,0.00653833,-0.00321481,-0.00280778
2020-05-01,0.00106952,0.00123029,-0.00214872,-0.00158095
2020-05-04,-0.00270431,-0.00271690,-0.00484722,-0.00429355
2020-05-05,0.00231450,0.00239398,-0.00254394,-0.00190985
2020-05-06,-0.00229418,-0.00202825,-0.00483228,-0.00393423
2020-05-07,0.00494943,0.00510582,0.00009323,0.00115151
2020-05-08,-0.00088572,-0.00114126,-0.00079257,0.00000893
2020-05-11,-0.00175216,-0.00167598,-0.00254334,-0.00166707
2020-05-12,-0.00366831,-0.00353304,-0.00620233,-0.00519422
2020-05-13,-0.00442398,-0.00443212,-0.01059886,-0.00960332
2020-05-14,0.00005862,0.00005654,-0.01054087,-0.00954733
2020-05-15,0.00108155,0.00105008,-0.00947072,-0.00850728
2020-05-18,-0.00026347,-0.00026570,-0.00973169,-0.00877072
2020-05-19,-0.00411021,-0.00420274,-0.01380191,-0.01293659
2020-05-20,-0.00468207,-0.00489599,-0.01841935,-0.01776925
2020-05-21,0.00342220,0.00322142,-0.01506019,-0.01460507
2020-05-22,0.00029294,0.00022569,-0.01477167,-0.01438268
2020-05-25,-0.00204325,-0.00188877,-0.01678473,-0.01624429
2020-05-26,-0.00250632,-0.00238500,-0.01924898,-0.01859055
2020-05-27,0.00079113,0.00088184,-0.01847308,-0.01772510
2020-05-28,0.00302351,0.00332240,-0.01550543,-0.01446159
2020-05-29,-0.00010930,-0.00006931,-0.01561304,-0.01452990
2020-06-01,0.00377398,0.00362436,-0.01189798,-0.01095821
2020-06-02,0.00328362,0.00334063,-0.00865342,-0.00765419
2020-06-03,-0.00439704,-0.00443428,-0.01301242,-0.01205453
2020-06-04,0.00253340,0.00243525,-0.01051198,-0.00964863
2020-06-05,-0.00015776,-0.00005307,-0.01066809,-0.00970119
2020-06-08,0.00546839,0.00561580,-0.00525803,-0.00413987
2020-06-09,-0.00043140,-0.00047217,-0.00568717,-0.00461008
2020-06-10,-0.00119992,-0.00115881,-0.00688027,-0.00576355
2020-06-11,0.00325330,0.00314577,-0.00364935,-0.00263591
2020-06-12,-0.00337140,-0.00353347,-0.00700845,-0.00616006
2020-06-15,0.00525739,0.00544101,-0.00178791,-0.00075257
2020-06-16,0.00113817,0.00113903,-0.00065177,0.00038559
2020-06-17,0.00395962,0.00414580,0.00330527,0.00453299
2020-06-18,0.00088560,0.00068317,0.00419379,0.00521926
2020-06-19,0.00424452,0.00438673,0.00845612,0.00962889
2020-06-22,-0.00654263,-0.00654866,0.00185816,0.00301718
2020-06-23,0.00386956,0.00375380,0.00573491,0.00678230
2020-06-24,0.00940561,0.00949500,0.01519447,0.01634170
2020-06-25,-0.00320060,-0.00316062,0.01194523,0.01312942
2020-06-26,0.00303865,0.00289708,0.01502018,0.01606454
2020-06-29,-0.00090605,-0.00083015,0.01410052,0.01522106
2020-06-30,-0.00040918,-0.00039981,0.01368558,0.01481516
2020-07-01,-0.00614738,-0.00610390,0.00745407,0.00862083
2020-07-02,0.00247201,0.00222180,0.00994450,0.01086179
2020-07-03,-0.00080608,-0.00083899,0.00913040,0.01001369
2020-07-06,0.00027545,0.00026831,0.00940837,0.01028469
2020-07-07,-0.00126205,-0.00131423,0.00813444,0.00895694
2020-07-08,0.00432961,0.00459947,0.01249927,0.01359760
2020-07-09,-0.00318580,-0.00348762,0.00927365,0.01006256
2020-07-10,-0.00141907,-0.00136494,0.00784142,0.00868389
2020-07-13,0.00157652,0.00168242,0.00943030,0.01038091
2020-07-14,-0.00348534,-0.00376054,0.00591209,0.00658133
2020-07-15,0.00373344,0.00373464,0.00966760,0.01034055
2020-07-16,0.00653661,0.00647911,0.01626741,0.01688667
2020-07-17,-0.00618807,-0.00636275,0.00997868,0.01041647
2020-07-20,0.00002998,0.00011983,0.01000896,0.01053755
2020-07-21,0.00294253,0.00300895,0.01298094,0.01357820
2020-07-22,0.00184482,0.00190139,0.01484971,0.01550541
2020-07-23,-0.00288200,-0.00284609,0.01192492,0.01261519
2020-07-24,-0.00234120,-0.00245949,0.00955580,0.01012467
2020-07-27,-0.00268341,-0.00268802,0.00684675,0.00740944
2020-07-28,-0.00013201,-0.00003839,0.00671384,0.00737077
2020-07-29,0.00037313,0.00035466,0.00708948,0.00772804
2020-07-30,0.00173414,0.00186318,0.00883591,0.00960562
2020-07-31,-0.00536393,-0.00560659,0.00342459,0.00394517
2020-08-03,0.00465038,0.00484218,0.00809090,0.00880645
2020-08-04,0.00295335,0.00297886,0.01106814,0.01181155
2020-08-05,-0.00229319,-0.00232927,0.00874957,0.00945477
2020-08-06,0.00673645,0.00700362,0.01554496,0.01652460
2020-08-07,0.00339453,0.00374823,0.01899226,0.02033477
2020-08-10,-0.00153028,-0.00156917,0.01743292,0.01873368
2020-08-11,0.00468048,0.00473923,0.02219499,0.02356170
2020-08-12,-0.00147183,-0.00172306,0.02069049,0.02179804
2020-08-13,0.00351417,0.00357934,0.02427738,0.02545540
2020-08-14,0.00273487,0.00271640,0.02707865,0.02824095
2020-08-17,0.00029055,-0.00011316,0.02737706,0.02812460
2020-08-18,0.00324350,0.00327220,0.03070935,0.03148883
2020-08-19,-0.00047475,-0.00068125,0.03022003,0.03078613
2020-08-20,0.00117695,0.00132208,0.03143254,0.03214891
2020-08-21,0.00225157,0.00244385,0.03375488,0.03467133
2020-08-24,0.00043805,0.00029727,0.03420772,0.03497890
2020-08-25,-0.00213347,-0.00237679,0.03200127,0.03251898
2020-08-26,-0.00297401,-0.00305266,0.02893209,0.02936705
2020-08-27,-0.00345184,-0.00353933,0.02538038,0.02572378
2020-08-28,0.00450060,0.00477751,0.02999520,0.03062418
2020-08-31,0.00374898,0.00383398,0.03385663,0.03457557
2020-09-01,0.00060101,0.00038267,0.03447799,0.03497148
2020-09-02,0.00219986,0.00234817,0.03675370,0.03740176
2020-09-03,-0.00164376,-0.00174910,0.03504953,0.03558724
2020-09-04,0.00293431,0.00275789,0.03808668,0.03844328
2020-09-07,-0.00481694,-0.00482312,0.03308628,0.03343474
2020-09-08,0.00801182,0.00845479,0.04136318,0.04217222
2020-09-09,0.00281627,0.00280901,0.04429594,0.04509970
2020-09-10,-0.00047756,-0.00067148,0.04379723,0.04439793
2020-09-11,-0.00265060,-0.00277964,0.04103054,0.04149489
2020-09-14,0.00271869,0.00295083,0.04386077,0.04456815
2020-09-15,-0.00337546,-0.00355880,0.04033726,0.04085074
2020-09-16,0.00306144,0.00299021,0.04352219,0.04396310
2020-09-17,-0.00059647,-0.00023851,0.04289976,0.04371411
2020-09-18,0.00108417,0.00108293,0.04403044,0.04484437
2020-09-21,-0.00102340,-0.00152110,0.04296198,0.04325506
2020-09-22,-0.00345369,-0.00364969,0.03935991,0.03944751
2020-09-23,-0.00412759,-0.00387031,0.03506986,0.03542452
2020-09-24,0.00111152,0.00146439,0.03622036,0.03694078
2020-09-25,-0.00273728,-0.00262241,0.03338394,0.03422149
2020-09-28,-0.00237563,-0.00247050,0.03092900,0.03166644
2020-09-29,-0.00151695,-0.00115972,0.02936514,0.03047000
2020-09-30,0.00155778,0.00149300,0.03096866,0.03200850
2020-10-01,-0.00402436,-0.00384647,0.02681966,0.02803891
2020-10-02,0.00051307,0.00046835,0.02734650,0.02852040
2020-10-05,-0.00195050,-0.00183604,0.02534266,0.02663199
2020-10-06,-0.00516567,-0.00515817,0.02004608,0.02133644
2020-10-07,0.00113250,0.00097339,0.02120127,0.02233060
2020-10-08,0.00492753,0.00487237,0.02623327,0.02731178
2020-10-09,0.00413865,0.00388984,0.03048049,0.03130786
2020-10-12,0.00142431,0.00128409,0.03194822,0.03263214
2020-10-13,-0.00625667,-0.00646182,0.02549165,0.02595946
2020-10-14,0.00163537,0.00109363,0.02716871,0.02708148
2020-10-15,0.00120761,0.00145149,0.02840913,0.02857228
2020-10-16,0.00147952,0.00170812,0.02993068,0.03032920
2020-10-19,0.00252826,0.00243074,0.03253462,0.03283367
2020-10-20,0.00871028,0.00834577,0.04152828,0.04145346
2020-10-21,-0.00217928,-0.00239469,0.03925850,0.03895950
2020-10-22,0.00353283,0.00364421,0.04293003,0.04274569
2020-10-23,-0.00007100,0.00026164,0.04285598,0.04301852
2020-10-26,0.00428376,0.00421152,0.04732333,0.04741121
2020-10-27,-0.00017449,-0.00014847,0.04714058,0.04725570
2020-10-28,0.00454670,0.00451708,0.05190161,0.05198624
2020-10-29,-0.00378655,-0.00374346,0.04791854,0.04804817
2020-10-30,-0.00339852,-0.00356692,0.04435716,0.04430986
2020-11-02,-0.00275107,-0.00255453,0.04148406,0.04164214
2020-11-03,-0.00096915,-0.00105140,0.04047470,0.04054696
2020-11-04,0.00915700,0.00922300,0.05000233,0.05014392
2020-11-05,-0.00421341,-0.00317660,0.04557825,0.04680803
2020-11-06,0.00389294,0.00402369,0.04964862,0.05102006
2020-11-09,-0.00478725,-0.00479760,0.04462369,0.04597769
2020-11-10,-0.00083631,-0.00054649,0.04375006,0.04540607
2020-11-11,0.00548741,0.00564994,0.04947754,0.05131255
2020-11-12,0.00060791,0.00073597,0.05011553,0.05208629
2020-11-13,-0.00432445,-0.00426397,0.04557435,0.04760022
2020-11-16,-0.00179428,-0.00172265,0.04369830,0.04579558
2020-11-17,0.00034405,0.00054336,0.04405738,0.04636382
2020-11-18,-0.00575574,-0.00579285,0.03804806,0.04030240
2020-11-19,0.00153176,0.00172886,0.03963810,0.04210094
2020-11-20,0.00105195,0.00151048,0.04073175,0.04367501
2020-11-23,-0.00067091,-0.00051281,0.04003352,0.04313981
2020-11-24,0.00914075,0.00910858,0.04954020,0.05264133
2020-11-25,0.00306336,0.00304570,0.05275531,0.05584736
2020-11-26,-0.00435094,-0.00400126,0.04817484,0.05162264
2020-11-27,-0.00014573,-0.00048531,0.04802209,0.05111227
2020-11-30,-0.00245118,-0.00217057,0.04545319,0.04883076
2020-12-01,-0.00042571,-0.00064916,0.04500813,0.04814990
2020-12-02,0.00045360,0.00072707,0.04548214,0.04891198
2020-12-03,0.00123031,0.00105025,0.04676842,0.05001360
2020-12-04,0.00148945,0.00170885,0.04832752,0.05180791
2020-12-07,0.00203911,0.00207831,0.05046518,0.05399390
2020-12-08,-0.00689507,-0.00677597,0.04322215,0.04685206
2020-12-09,0.00017464,0.00033983,0.04340434,0.04720781
2020-12-10,0.00365540,0.00402170,0.04721839,0.05141936
2020-12-11,0.00205343,0.00219023,0.04936879,0.05372221
2020-12-14,0.00480683,0.00434461,0.05441292,0.05830022
2020-12-15,0.00086400,0.00052206,0.05532393,0.05885272
2020-12-16,-0.00541630,-0.00510819,0.04960798,0.05344390
2020-12-17,0.00351124,0.00320989,0.05329340,0.05682533
2020-12-18,0.00801333,0.00812396,0.06173379,0.06541094
2020-12-21,0.00373214,0.00373043,0.06569633,0.06938538
2020-12-22,-0.00505607,-0.00512804,0.06030810,0.06390153
2020-12-23,0.00036971,0.00058094,0.06070010,0.06451960
2020-12-24,0.00361605,0.00355345,0.06453565,0.06830231
2020-12-25,-0.00207748,-0.00205348,0.06232409,0.06610858
2020-12-28,0.00104279,0.00086313,0.06343187,0.06702877
2020-12-29,0.00437241,0.00454360,0.06808163,0.07187692
2020-12-30,-0.00275945,-0.00231844,0.06513431,0.06939184
2020-12-31,0.00112304,0.00096036,0.06633050,0.07041884
2021-01-01,-0.00745402,-0.00693998,0.05838205,0.06299016
2021-01-04,-0.00465799,-0.00453018,0.05345211,0.05817462
2021-01-05,0.00074168,0.00082444,0.05423344,0.05904702
2021-01-06,-0.00098747,-0.00101380,0.05319241,0.05797336
2021-01-07,0.00693194,0.00662371,0.06049308,0.06498107
2021-01-08,-0.00256797,-0.00237341,0.05776976,0.06245344
2021-01-11,-0.00138174,-0.00114343,0.05630820,0.06123859
2021-01-12,0.00325158,0.00356792,0.05974288,0.06502501
2021-01-13,0.00027726,0.00015759,0.06003670,0.06519286
2021-01-14,-0.00144289,-0.00107988,0.05850718,0.06404257
2021-01-15,0.00343894,0.00318814,0.06214732,0.06743488
2021-01-18,-0.00170974,-0.00145980,0.06033132,0.06587664
2021-01-19,-0.00398711,-0.00394496,0.05610367,0.06167179
2021-01-20,-0.00360345,-0.00371365,0.05229805,0.05772911
2021-01-21,-0.00206481,-0.00211504,0.05012526,0.05549198
2021-01-22,-0.00528720,-0.00572012,0.04457303,0.04945444
2021-01-25,0.00194831,0.00158543,0.04660818,0.05111828
2021-01-26,0.00096156,0.00091168,0.04761455,0.05207656
2021-01-27,0.00126730,0.00126398,0.04894220,0.05340636
2021-01-28,-0.00078518,-0.00088034,0.04811858,0.05247901
2021-01-29,0.00198356,0.00163911,0.05019759,0.05420414
2021-02-01,-0.00275017,-0.00272303,0.04730937,0.05133350
2021-02-02,0.00619176,0.00598007,0.05379405,0.05762055
2021-02-03,-0.00463591,-0.00436025,0.04890876,0.05300906
2021-02-04,-0.00017483,-0.00003018,0.04872537,0.05297728
2021-02-05,0.00384400,0.00410087,0.05275668,0.05729540
2021-02-08,0.00171001,0.00163031,0.05455690,0.05901913
2021-02-09,-0.00123050,-0.00129989,0.05325928,0.05764252
2021-02-10,-0.00004656,-0.00022676,0.05321024,0.05740268
2021-02-11,-0.00083779,-0.00085907,0.05232787,0.05649430
2021-02-12,-0.00421943,-0.00424495,0.04788764,0.05200953
2021-02-15,0.00460600,0.00475357,0.05271421,0.05701034
2021-02-16,0.00117948,0.00125746,0.05395587,0.05833948
2021-02-17,0.00104683,0.00138758,0.05505919,0.05980802
2021-02-18,0.00391316,0.00375825,0.05918780,0.06379104
2021-02-19,0.00141147,0.00152523,0.06068281,0.06541356
2021-02-22,0.00323014,0.00316829,0.06410896,0.06878910
2021-02-23,0.00531282,0.00565498,0.06976239,0.07483309
2021-02-24,-0.00037482,-0.00022614,0.06936142,0.07459003
2021-02-25,-0.00126910,-0.00109259,0.06800429,0.07341594
2021-02-26,0.00547329,0.00544615,0.07384979,0.07926193
2021-03-01,0.00119727,0.00104903,0.07513548,0.08039411
2021-03-02,-0.00258688,-0.00263908,0.07235423,0.07754286
2021-03-03,0.00142034,0.00161939,0.07387733,0.07928783
2021-03-04,0.00398332,0.00395320,0.07815493,0.08355447
2021-03-05,-0.00339552,-0.00344920,0.07449404,0.07981708
2021-03-08,0.00530374,0.00555885,0.08019288,0.08581961
2021-03-09,-0.00014745,-0.00024270,0.08003360,0.08555608
2021-03-10,-0.00081726,-0.00068232,0.07915093,0.08481539
2021-03-11,0.00561357,0.00557594,0.08520882,0.09086425
2021-03-12,0.00170496,0.00147866,0.08705906,0.09247726
2021-03-15,0.00001237,-0.00007337,0.08707251,0.09239710
2021-03-16,0.00455363,0.00447153,0.09202264,0.09728179
2021-03-17,-0.00004375,-0.00030515,0.09197486,0.09694696
2021-03-18,0.00147933,0.00127770,0.09359025,0.09834852
2021-03-19,-0.00125359,-0.00120538,0.09221934,0.09702460
2021-03-22,-0.00036040,-0.00038309,0.09182570,0.09660434
2021-03-23,-0.00059456,-0.00062445,0.09117654,0.09591957
2021-03-24,0.00131856,0.00154474,0.09261533,0.09761248
2021-03-25,0.00068546,0.00070464,0.09336427,0.09838590
2021-03-26,-0.00310981,-0.00256603,0.08996412,0.09556741
2021-03-29,0.00562620,0.00517031,0.09609648,0.10123183
2021-03-30,-0.00246317,-0.00262429,0.09339662,0.09834188
2021-03-31,-0.00589205,-0.00564832,0.08695427,0.09213809
2021-04-01,0.00533168,0.00512386,0.09274956,0.09773405
2021-04-02,-0.00090965,-0.00127761,0.09175553,0.09633158
2021-04-05,0.00280402,0.00268995,0.09481683,0.09928065
2021-04-06,0.00140384,0.00106706,0.09635378,0.10045365
2021-04-07,0.00011930,-0.00004461,0.09648457,0.10040456
2021-04-08,0.00031693,0.00052727,0.09683208,0.10098477
2021-04-09,-0.00103702,-0.00121459,0.09569464,0.09964752
2021-04-12,-0.00219806,-0.00194659,0.09328623,0.09750696
2021-04-13,0.00042999,-0.00004662,0.09375634,0.09745579
2021-04-14,0.00392640,0.00423147,0.09805086,0.10209964
2021-04-15,-0.00112169,-0.00084986,0.09681919,0.10116302
2021-04-16,0.00104777,0.00124017,0.09796841,0.10252864
2021-04-19,0.00552894,0.00568906,0.10403901,0.10880099
2021-04-20,-0.00165411,-0.00151958,0.10221281,0.10711608
2021-04-21,-0.00116189,-0.00087649,0.10093216,0.10614570
2021-04-22,-0.00038517,-0.00079136,0.10050811,0.10527034
2021-04-23,0.00074451,0.00064553,0.10132745,0.10598383
2021-04-26,-0.00396808,-0.00383600,0.09695729,0.10174127
2021-04-27,-0.00164715,-0.00168601,0.09515044,0.09988372
2021-04-28,-0.00065217,-0.00067988,0.09443622,0.09913593
2021-04-29,-0.00175316,-0.00143270,0.09251750,0.09756120
2021-04-30,-0.00043560,0.00005802,0.09204160,0.09762488
2021-05-03,-0.00500708,-0.00511333,0.08657366,0.09201237
2021-05-04,0.00058062,0.00103072,0.08720455,0.09313793
2021-05-05,0.00019191,0.00038322,0.08741319,0.09355685
2021-05-06,0.00274689,0.00237581,0.09040020,0.09615494
2021-05-07,0.00337130,0.00332885,0.09407626,0.09980387
2021-05-10,0.00138515,0.00193861,0.09559172,0.10193596
2021-05-11,-0.00096859,-0.00134577,0.09453054,0.10045301
2021-05-12,-0.00251884,-0.00235769,0.09177359,0.09785849
2021-05-13,-0.00427322,-0.00476550,0.08710820,0.09262664
2021-05-14,-0.00179986,-0.00166997,0.08515156,0.09080199
2021-05-17,0.00320228,0.00315188,0.08862652,0.09424007
2021-05-18,-0.00085113,-0.00069798,0.08769995,0.09347631
2021-05-19,0.00083355,0.00065063,0.08860660,0.09418776
2021-05-20,0.00106437,0.00052760,0.08976528,0.09476505
2021-05-21,0.00097283,0.00102947,0.09082544,0.09589208
2021-05-24,0.00553536,0.00554580,0.09686355,0.10196968
2021-05-25,0.00037564,-0.00005906,0.09727558,0.10190461
2021-05-26,-0.00205293,-0.00195766,0.09502295,0.09974745
2021-05-27,-0.00001068,-0.00030031,0.09501126,0.09941719
2021-05-28,0.00194142,0.00192835,0.09713714,0.10153725
2021-05-31,0.00350247,0.00332266,0.10097983,0.10519729
2021-06-01,-0.00193110,-0.00190165,0.09885373,0.10309558
2021-06-02,-0.00118025,-0.00104099,0.09755681,0.10194728
2021-06-03,0.00275065,0.00252785,0.10057580,0.10473284
2021-06-04,0.00418950,0.00386563,0.10518667,0.10900332
2021-06-07,-0.00050525,-0.00112591,0.10462827,0.10775468
2021-06-08,0.00405441,0.00312262,0.10910688,0.11121378
2021-06-09,-0.00416263,-0.00392316,0.10449008,0.10685431
2021-06-10,0.00308217,0.00241448,0.10789431,0.10952679
2021-06-11,0.00039476,0.00073684,0.10833166,0.11034433
2021-06-14,0.00566896,0.00501122,0.11461475,0.11590850
2021-06-15,-0.00139709,-0.00115333,0.11305753,0.11462150
2021-06-16,-0.00151851,-0.00143481,0.11136734,0.11302222
2021-06-17,0.00116819,0.00161735,0.11266563,0.11482237
2021-06-18,-0.00572281,-0.00493799,0.10629805,0.10931739
2021-06-21,-0.00267351,-0.00255864,0.10334036,0.10647905
2021-06-22,-0.00286718,-0.00246062,0.10017688,0.10375643
2021-06-23,0.00246163,0.00254451,0.10288511,0.10656494
2021-06-24,0.00269741,0.00244012,0.10586005,0.10926509
2021-06-25,0.00555847,0.00525295,0.11200694,0.11509201
2021-06-28,0.00062362,0.00010158,0.11270040,0.11520529
2021-06-29,-0.00154115,-0.00116262,0.11098557,0.11390872
2021-06-30,-0.00448649,-0.00424222,0.10600114,0.10918328
2021-07-01,0.00571441,0.00620712,0.11232128,0.11606811
2021-07-02,-0.00708945,-0.00699685,0.10443553,0.10825915
2021-07-05,0.00664520,0.00618033,0.11177473,0.11510856
2021-07-06,0.00272359,0.00241463,0.11480275,0.11780113
2021-07-07,0.00061540,0.00087251,0.11548879,0.11877642
2021-07-08,-0.00504958,-0.00421866,0.10985604,0.11405668
2021-07-09,0.00400995,0.00324569,0.11430651,0.11767256
2021-07-12,0.00213023,0.00229136,0.11668024,0.12023355
2021-07-13,0.00302906,0.00214814,0.12006273,0.12263998
2021-07-14,-0.00624400,-0.00583878,0.11306906,0.11608513
2021-07-15,-0.00480481,-0.00467684,0.10772097,0.11086538
2021-07-16,-0.00039236,-0.00068814,0.10728635,0.11010094
2021-07-19,0.00186052,0.00157257,0.10934648,0.11184665
2021-07-20,0.00142866,0.00175916,0.11093136,0.11380257
2021-07-21,0.00255068,0.00241841,0.11376499,0.11649620
2021-07-22,0.00019639,0.00087653,0.11398372,0.11747483
2021-07-23,-0.00149927,-0.00172704,0.11231356,0.11554491
2021-07-26,0.00163139,0.00175186,0.11412818,0.11749919
2021-07-27,0.00096881,0.00059374,0.11520755,0.11816269
2021-07-28,0.00291215,0.00286693,0.11845520,0.12136838
2021-07-29,-0.00191631,-0.00119039,0.11631189,0.12003351
2021-07-30,-0.00619208,-0.00590414,0.10939960,0.11342068
2021-08-02,0.00644547,0.00579278,0.11655020,0.11987048
2021-08-03,-0.00026637,-0.00062024,0.11625279,0.11917589
2021-08-04,-0.00503363,-0.00494180,0.11063398,0.11364515
2021-08-05,0.00365509,0.00314571,0.11469345,0.11714835
2021-08-06,0.00224140,0.00243282,0.11719192,0.11986617
2021-08-09,0.00797266,0.00769097,0.12609892,0.12847903
2021-08-10,-0.00052590,-0.00051232,0.12550670,0.12790089
2021-08-11,0.00510887,0.00445975,0.13125676,0.13293105
2021-08-12,0.00719544,0.00656833,0.13939666,0.14037251
2021-08-13,-0.00464852,-0.00476848,0.13410014,0.13493467
2021-08-16,0.00201951,0.00165204,0.13639048,0.13680962
2021-08-17,0.00286590,0.00229955,0.13964725,0.13942378
2021-08-18,0.00582382,0.00517256,0.14628435,0.14531751
2021-08-19,-0.00068181,-0.00037566,0.14550281,0.14488726
2021-08-20,0.00069187,0.00026168,0.14629535,0.14518686
2021-08-23,0.00284871,0.00237974,0.14956081,0.14791211
2021-08-24,-0.00500752,-0.00452293,0.14380437,0.14272018
2021-08-25,-0.00440566,-0.00409376,0.13876516,0.13804216
2021-08-26,-0.00633651,-0.00610934,0.13154936,0.13108948
2021-08-27,0.00107918,0.00140233,0.13277051,0.13267563
2021-08-30,0.00364063,0.00350074,0.13689451,0.13664084
2021-08-31,0.00301201,0.00210839,0.14031885,0.13903732
2021-09-01,0.00006523,-0.00029105,0.14039324,0.13870580
2021-09-02,0.00405575,0.00336938,0.14501838,0.14254254
2021-09-03,-0.00488404,-0.00430856,0.13942607,0.13761983
2021-09-06,-0.00573527,-0.00516977,0.13289115,0.13173859
2021-09-07,0.00175678,0.00148820,0.13488139,0.13342285
2021-09-08,0.00031539,0.00023162,0.13523932,0.13368537
2021-09-09,-0.00114343,-0.00118847,0.13394125,0.13233802
2021-09-10,-0.00810906,-0.00732785,0.12474606,0.12404042
2021-09-13,0.00003342,-0.00002965,0.12478364,0.12400709
2021-09-14,-0.00503859,-0.00414516,0.11911632,0.11934790
2021-09-15,0.00199467,0.00188188,0.12134859,0.12145437
2021-09-16,0.00365503,0.00358079,0.12544715,0.12547006
2021-09-17,-0.00166893,-0.00113877,0.12356885,0.12418841
2021-09-20,0.00001355,0.00054386,0.12358408,0.12479981
2021-09-21,-0.00267032,-0.00223231,0.12058375,0.12228891
2021-09-22,0.00100489,0.00046681,0.12170981,0.12281280
2021-09-23,0.00255416,0.00226334,0.12457484,0.12535412
2021-09-24,0.00064289,0.00121278,0.12529782,0.12671892
2021-09-27,-0.00176445,-0.00191899,0.12331229,0.12455676
2021-09-28,-0.00078816,-0.00022236,0.12242694,0.12430670
2021-09-29,-0.00219691,-0.00158219,0.11996107,0.12252783
2021-09-30,0.00071689,0.00107823,0.12076396,0.12373817
2021-10-01,-0.00392123,-0.00340960,0.11636919,0.11990667
2021-10-04,-0.00192689,-0.00193992,0.11421807,0.11773414
2021-10-05,-0.00198955,-0.00211507,0.11200128,0.11537006
2021-10-06,0.00644859,0.00543172,0.11917211,0.12142843
2021-10-07,0.00015042,0.00044917,0.11934045,0.12193214
2021-10-08,-0.00174691,-0.00156592,0.11738507,0.12017529
2021-10-11,0.00158499,0.00162085,0.11915612,0.12199093
2021-10-12,-0.00112107,-0.00116918,0.11790147,0.12067912
2021-10-13,0.00102336,0.00144673,0.11904548,0.12230043
2021-10-14,0.00675109,0.00680400,0.12660026,0.12993657
2021-10-15,0.00201058,0.00141241,0.12886538,0.13153250
2021-10-18,-0.00118902,-0.00097238,0.12752314,0.13043222
2021-10-19,-0.00076256,-0.00063826,0.12666333,0.12971071
2021-10-20,0.00043653,0.00068866,0.12715516,0.13048870
2021-10-21,-0.00827878,-0.00724938,0.11782368,0.12229336
2021-10-22,-0.00388711,-0.00307942,0.11347858,0.11883735
2021-10-25,0.00184604,0.00132045,0.11553410,0.12031472
2021-10-26,0.00601831,0.00605111,0.12224772,0.12709387
2021-10-27,-0.00289080,-0.00316655,0.11900352,0.12352487
2021-10-28,-0.00061794,-0.00122030,0.11831205,0.12215382
2021-10-29,0.00401018,0.00397952,0.12279668,0.12661945
2021-11-01,0.00640055,0.00504477,0.12998320,0.13230299
2021-11-02,0.00035973,-0.00027538,0.13038969,0.13199118
2021-11-03,-0.00063452,-0.00041168,0.12967244,0.13152516
2021-11-04,-0.00219648,-0.00250436,0.12719113,0.12869141
2021-11-05,-0.00566187,-0.00551702,0.12080912,0.12246440
2021-11-08,0.00172874,0.00203806,0.12274670,0.12475205
2021-11-09,-0.00216987,-0.00206371,0.12031049,0.12243088
2021-11-10,-0.00388673,-0.00345637,0.11595615,0.11855135
2021-11-11,-0.00049227,-0.00035818,0.11540680,0.11815071
2021-11-12,-0.00646871,-0.00623244,0.10819155,0.11118190
2021-11-15,0.00295201,0.00242805,0.11146294,0.11387990
2021-11-16,0.00209956,0.00168202,0.11379652,0.11575347
2021-11-17,-0.00538664,-0.00554153,0.10779691,0.10957049
2021-11-18,0.00426329,0.00326422,0.11251977,0.11319236
2021-11-19,0.00332404,0.00317692,0.11621783,0.11672888
2021-11-22,-0.00199012,-0.00182214,0.11399642,0.11469405
2021-11-23,0.00771210,0.00783086,0.12258767,0.12342306
2021-11-24,0.00400916,0.00385490,0.12708830,0.12775375
2021-11-25,-0.00586455,-0.00525404,0.12047843,0.12182848
2021-11-26,-0.00165537,-0.00158724,0.11862363,0.12004787
2021-11-29,-0.00010216,0.00018845,0.11850935,0.12025895
2021-11-30,-0.00419872,-0.00347147,0.11381305,0.11637001
2021-12-01,-0.00175491,-0.00275431,0.11185841,0.11329518
2021-12-02,0.00726841,0.00636331,0.11993985,0.12037943
2021-12-03,-0.00020437,0.00113079,0.11971097,0.12164635
2021-12-06,0.00339719,0.00326313,0.12351484,0.12530642
2021-12-07,0.00040165,0.00108960,0.12396610,0.12653255
2021-12-08,0.00073607,0.00082073,0.12479341,0.12745714
2021-12-09,0.00034770,0.00058391,0.12518451,0.12811547
2021-12-10,-0.00120376,-0.00070463,0.12383005,0.12732056
2021-12-13,0.00111536,0.00077413,0.12508353,0.12819326
2021-12-14,-0.00461580,-0.00476259,0.11989037,0.12282014
2021-12-15,-0.00144534,-0.00170145,0.11827175,0.12090972
2021-12-16,0.00362988,0.00421837,0.12233093,0.12563814
2021-12-17,0.00165514,0.00180866,0.12418855,0.12767403
2021-12-20,-0.00417804,-0.00334495,0.11949165,0.12390202
2021-12-21,-0.00163115,-0.00092855,0.11766558,0.12285842
2021-12-22,0.00441617,0.00416442,0.12260139,0.12753448
2021-12-23,0.00222931,0.00210991,0.12510401,0.12991347
2021-12-24,-0.00255762,-0.00210826,0.12222643,0.12753132
2021-12-27,0.00227672,0.00226153,0.12478143,0.13008127
2021-12-28,0.00271247,0.00218624,0.12783237,0.13255189
2021-12-29,-0.00547133,-0.00432869,0.12166162,0.12764942
2021-12-30,-0.00047128,-0.00082483,0.12113300,0.12671931
2021-12-31,0.00053134,0.00093268,0.12172870,0.12777018
2022-01-03,0.00343809,0.00293452,0.12558531,0.13107964
2022-01-04,-0.00207673,-0.00251704,0.12324777,0.12823267
2022-01-05,-0.00521127,-0.00451908,0.11739422,0.12313410
2022-01-06,-0.00181290,-0.00158979,0.11536850,0.12134855
2022-01-07,0.00071817,0.00068435,0.11616953,0.12211594
2022-01-10,0.00073548,0.00093709,0.11699045,0.12316746
2022-01-11,-0.00392987,-0.00375265,0.11260082,0.11895261
2022-01-12,0.00220406,0.00181098,0.11505306,0.12097901
2022-01-13,-0.00149867,-0.00081998,0.11338197,0.12005983
2022-01-14,0.00276253,0.00326452,0.11645771,0.12371629
2022-01-17,-0.00078170,0.00010217,0.11558497,0.12383110
2022-01-18,-0.00266706,-0.00273694,0.11260964,0.12075524
2022-01-19,0.00129529,0.00133465,0.11405079,0.12225105
2022-01-20,-0.00248081,-0.00246692,0.11128704,0.11948255
2022-01-21,0.00099888,0.00078863,0.11239708,0.12036540
2022-01-24,0.00144712,0.00038893,0.11400685,0.12080115
2022-01-25,0.00249435,0.00301037,0.11678558,0.12417518
2022-01-26,0.00137509,0.00102726,0.11832126,0.12532999
2022-01-27,-0.00129105,-0.00080257,0.11687745,0.12442684
2022-01-28,0.00095539,0.00044776,0.11794450,0.12493031
2022-01-31,0.00119430,0.00104167,0.11927966,0.12610212
2022-02-01,-0.00666108,-0.00639722,0.11182405,0.11889820
2022-02-02,-0.00149724,-0.00140965,0.11015938,0.11732094
2022-02-03,0.00539029,0.00560702,0.11614346,0.12358578
2022-02-04,-0.00096980,-0.00089255,0.11506102,0.12258293
2022-02-07,-0.00031152,-0.00044837,0.11471366,0.12207959
2022-02-08,-0.00584105,-0.00631582,0.10820256,0.11499275
2022-02-09,-0.00086959,-0.00161274,0.10723889,0.11319456
2022-02-10,0.00094542,0.00062731,0.10828569,0.11389287
2022-02-11,0.00088526,0.00015662,0.10926681,0.11406733
2022-02-14,0.00048448,0.00030369,0.10980423,0.11440566
2022-02-15,0.00440276,0.00424625,0.11469043,0.11913771
2022-02-16,-0.00325085,-0.00295612,0.11106674,0.11582941
2022-02-17,0.00108929,0.00113335,0.11227702,0.11709404
2022-02-18,-0.00227802,-0.00190068,0.10974323,0.11497080
2022-02-21,-0.00010957,-0.00010948,0.10962164,0.11484873
2022-02-22,-0.00258244,-0.00212323,0.10675611,0.11248165
2022-02-23,-0.00148030,-0.00124964,0.10511778,0.11109145
2022-02-24,0.00921152,0.00830549,0.11529759,0.12031961
2022-02-25,0.00515010,0.00442037,0.12104149,0.12527183
2022-02-28,-0.00161507,-0.00133307,0.11923094,0.12377177
2022-03-01,0.00288031,0.00260784,0.12245467,0.12670239
2022-03-02,-0.00049901,-0.00080949,0.12189455,0.12579034
2022-03-03,-0.00151039,-0.00117489,0.12020006,0.12446766
2022-03-04,-0.00343577,-0.00351253,0.11635131,0.12051793
2022-03-07,-0.00272629,-0.00276500,0.11330781,0.11741969
2022-03-08,-0.00087785,-0.00082286,0.11233050,0.11650022
2022-03-09,-0.00130930,-0.00121470,0.11087412,0.11514400
2022-03-10,0.00595603,0.00516405,0.11749052,0.12090266
2022-03-11,0.00337458,0.00342167,0.12126158,0.12473802
2022-03-14,0.00136469,0.00064618,0.12279175,0.12546481
2022-03-15,0.00124801,0.00074867,0.12419301,0.12630741
2022-03-16,-0.00646894,-0.00580230,0.11692068,0.11977224
2022-03-17,0.00274217,0.00228925,0.11998346,0.12233567
2022-03-18,0.00183600,0.00189313,0.12203975,0.12446040
2022-03-21,-0.00505912,-0.00384765,0.11636321,0.12013387
2022-03-22,0.00113543,0.00086542,0.11763077,0.12110326
2022-03-23,0.00200471,0.00279272,0.11987129,0.12423418
2022-03-24,-0.00102943,-0.00095873,0.11871846,0.12315634
2022-03-25,0.00056262,0.00040890,0.11934788,0.12361560
2022-03-28,0.00594119,0.00536312,0.12599814,0.12964168
2022-03-29,0.00509718,0.00537391,0.13173755,0.13571228
2022-03-30,0.00191773,0.00127560,0.13390792,0.13716099
2022-03-31,0.00087232,0.00070932,0.13489705,0.13796760
2022-04-01,-0.00198736,-0.00210019,0.13264160,0.13557766
2022-04-04,0.00117460,0.00084494,0.13397199,0.13653715
2022-04-05,-0.00113931,-0.00184526,0.13268005,0.13443994
2022-04-06,-0.00165374,-0.00148654,0.13080688,0.13275355
2022-04-07,0.00009479,0.00038215,0.13091407,0.13318644
2022-04-08,0.00267415,0.00261113,0.13393830,0.13614533
2022-04-11,0.00067685,0.00051175,0.13470581,0.13672675
2022-04-12,0.00257533,0.00227125,0.13762806,0.13930853
2022-04-13,-0.00168884,-0.00137812,0.13570679,0.13773843
2022-04-14,0.00126364,0.00106935,0.13714192,0.13895508
2022-04-15,-0.00454453,-0.00362890,0.13197414,0.13482192
2022-04-18,0.00071140,0.00176109,0.13277942,0.13682045
2022-04-19,0.00195335,0.00215279,0.13499214,0.13926779
2022-04-20,-0.00025235,-0.00043683,0.13470572,0.13877012
2022-04-21,-0.00258174,-0.00216402,0.13177620,0.13630580
2022-04-22,0.00373414,0.00397930,0.13600242,0.14082751
2022-04-25,0.00412163,0.00367953,0.14068459,0.14502521
2022-04-26,0.00228783,0.00196086,0.14329428,0.14727045
2022-04-27,0.00453839,0.00377778,0.14848299,0.15160458
2022-04-28,-0.00262155,-0.00240280,0.14547218,0.14883751
2022-04-29,-0.00197422,-0.00153660,0.14321077,0.14707221
2022-05-02,-0.00564165,-0.00539402,0.13676117,0.14088487
2022-05-03,0.00429863,0.00374954,0.14164769,0.14516267
2022-05-04,-0.00068418,-0.00085521,0.14086660,0.14418331
2022-05-05,-0.00029530,-0.00080712,0.14052970,0.14325982
2022-05-06,0.00087172,0.00098276,0.14152392,0.14438337
2022-05-09,-0.00158796,-0.00145205,0.13971123,0.14272167
2022-05-10,0.00587222,0.00563107,0.14640387,0.14915641
2022-05-11,-0.00012167,-0.00037884,0.14626439,0.14872106
2022-05-12,-0.00018919,-0.00045078,0.14604753,0.14820324
2022-05-13,0.00274894,0.00243960,0.14919794,0.15100439
2022-05-16,-0.00100614,-0.00100269,0.14804169,0.14985029
2022-05-17,0.00252994,0.00237196,0.15094617,0.15257769
2022-05-18,-0.00448232,-0.00435069,0.14578726,0.14756319
2022-05-19,0.00078351,0.00059653,0.14668499,0.14824774
2022-05-20,0.00389665,0.00314530,0.15115322,0.15185933
2022-05-23,0.00412743,0.00498658,0.15590452,0.15760317
2022-05-24,0.00506697,0.00476641,0.16176145,0.16312078
2022-05-25,0.00112007,0.00099265,0.16306271,0.16427535
2022-05-26,0.00045129,0.00098433,0.16358759,0.16542138
2022-05-27,0.00174668,0.00254073,0.16562000,0.16838241
2022-05-30,-0.00067330,-0.00076167,0.16483519,0.16749249
2022-05-31,0.00500919,0.00495382,0.17067007,0.17327603
2022-06-01,-0.00516581,-0.00454300,0.16462261,0.16794584
2022-06-02,0.00294586,0.00234825,0.16805343,0.17068847
2022-06-03,-0.00199076,-0.00249762,0.16572811,0.16776453
2022-06-06,-0.00219492,-0.00225972,0.16316943,0.16512571
2022-06-07,-0.00134902,-0.00090939,0.16160028,0.16406615
2022-06-08,-0.00240574,-0.00221040,0.15880577,0.16149310
2022-06-09,0.00230283,0.00240140,0.16147431,0.16428230
2022-06-10,-0.00058488,-0.00082714,0.16079499,0.16331928
2022-06-13,-0.00617431,-0.00585317,0.15362788,0.15651018
2022-06-14,-0.00511610,-0.00476051,0.14772581,0.15100460
2022-06-15,-0.00169382,-0.00162299,0.14578177,0.14913653
2022-06-16,0.00668490,0.00603509,0.15344120,0.15607167
2022-06-17,-0.00353181,-0.00351500,0.14936747,0.15200808
2022-06-20,-0.00327609,-0.00253395,0.14560204,0.14908895
2022-06-21,-0.00471349,-0.00472912,0.14020225,0.14365477
2022-06-22,-0.00270247,-0.00266998,0.13712089,0.14060124
2022-06-23,-0.00989763,-0.00945416,0.12586609,0.12981781
2022-06-24,0.00211519,0.00252588,0.12824750,0.13267159
2022-06-27,-0.00012861,-0.00064100,0.12810240,0.13194554
2022-06-28,0.00099752,0.00141248,0.12922770,0.13354439
2022-06-29,0.00369944,0.00356648,0.13340522,0.13758716
2022-06-30,0.00230015,0.00156008,0.13601222,0.13936189
2022-07-01,0.00240438,0.00193144,0.13874363,0.14156250
2022-07-04,-0.00347063,-0.00184591,0.13479148,0.13945527
2022-07-05,0.00911633,0.00834964,0.14513661,0.14896931
2022-07-06,0.00169125,0.00173397,0.14707332,0.15096159
2022-07-07,0.00059830,0.00048069,0.14775961,0.15151484
2022-07-08,0.00064288,0.00030903,0.14849749,0.15187069
2022-07-11,-0.00119993,-0.00136551,0.14711937,0.15029779
2022-07-12,-0.00146392,-0.00138219,0.14544008,0.14870786
2022-07-13,-0.00255085,-0.00328966,0.14251824,0.14492901
2022-07-14,-0.00443296,-0.00487088,0.13745350,0.13935219
2022-07-15,0.00016627,0.00018272,0.13764262,0.13956038
2022-07-18,-0.00383329,-0.00408005,0.13328171,0.13491091
2022-07-19,-0.00342353,-0.00305418,0.12940188,0.13144469
2022-07-20,-0.00036286,-0.00081915,0.12899207,0.13051787
2022-07-21,-0.00141657,-0.00148092,0.12739278,0.12884366
2022-07-22,0.00582777,0.00576141,0.13396297,0.13534739
2022-07-25,-0.00966905,-0.00849568,0.12299862,0.12570184
2022-07-26,0.00329146,0.00289729,0.12669493,0.12896332
2022-07-27,0.00652355,0.00602029,0.13404498,0.13576001
2022-07-28,-0.00404360,-0.00315619,0.12945935,0.13217534
2022-07-29,-0.00001617,0.00041803,0.12944108,0.13264863
2022-08-01,-0.00092880,-0.00113220,0.12839206,0.13136625
2022-08-02,-0.00763008,-0.00705085,0.11978234,0.12338915
2022-08-03,-0.00475912,-0.00495201,0.11445316,0.11782612
2022-08-04,-0.00036432,-0.00016029,0.11404714,0.11764694
2022-08-05,0.00628195,0.00615993,0.12104552,0.12453156
2022-08-08,0.00798041,0.00835866,0.12999193,0.13393114
2022-08-09,0.00223466,0.00200850,0.13251708,0.13620865
2022-08-10,0.00170922,0.00071778,0.13445280,0.13702419
2022-08-11,-0.00455647,-0.00413397,0.12928369,0.13232378
2022-08-12,-0.00233726,-0.00284982,0.12664426,0.12909686
2022-08-15,0.00064043,0.00067092,0.12736580,0.12985439
2022-08-16,-0.00363733,-0.00306065,0.12326519,0.12639631
2022-08-17,0.00389504,0.00377694,0.12764035,0.13065064
2022-08-18,-0.00121859,-0.00147836,0.12626622,0.12897914
2022-08-19,0.00132746,0.00188380,0.12776129,0.13110591
2022-08-22,0.00263872,0.00209670,0.13073714,0.13347749
2022-08-23,0.00118501,0.00058446,0.13207707,0.13413997
2022-08-24,-0.00285792,-0.00321156,0.12884169,0.13049761
2022-08-25,0.00023671,-0.00102787,0.12910889,0.12933560
2022-08-26,-0.00518043,-0.00471721,0.12325962,0.12400829
2022-08-29,0.00397251,0.00471286,0.12772178,0.12930559
2022-08-30,0.00225006,0.00319824,0.13025923,0.13291737
2022-08-31,-0.00123335,-0.00111033,0.12886523,0.13165947
2022-09-01,0.00024423,0.00009077,0.12914093,0.13176219
2022-09-02,-0.00269709,-0.00239865,0.12609554,0.12904749
2022-09-05,0.00417812,0.00387764,0.13080050,0.13342553
2022-09-06,0.00005435,0.00047656,0.13086196,0.13396568
2022-09-07,-0.00305368,-0.00277719,0.12740867,0.13081644
2022-09-08,0.00281992,0.00288022,0.13058787,0.13407344
2022-09-09,-0.00382473,-0.00399954,0.12626367,0.12953767
2022-09-12,-0.00421157,-0.00403432,0.12152033,0.12498076
2022-09-13,-0.00196233,-0.00129654,0.11931954,0.12352217
2022-09-14,0.00323301,0.00320037,0.12293830,0.12711786
2022-09-15,-0.00636031,-0.00674609,0.11579606,0.11951422
2022-09-16,0.00614382,0.00508907,0.12265131,0.12521150
2022-09-19,-0.00919787,-0.00787066,0.11232531,0.11635535
2022-09-20,0.00669185,0.00632643,0.11976882,0.12341789
2022-09-21,0.00233085,0.00281442,0.12237883,0.12657966
2022-09-22,-0.00068105,-0.00040052,0.12161444,0.12612844
2022-09-23,-0.00218354,-0.00177096,0.11916535,0.12413411
2022-09-26,0.00220761,0.00264422,0.12163603,0.12710657
2022-09-27,-0.00086377,-0.00040740,0.12066719,0.12664738
2022-09-28,0.00444893,0.00336584,0.12565296,0.13043950
2022-09-29,-0.00139332,-0.00199197,0.12408457,0.12818770
2022-09-30,0.00186961,0.00211503,0.12618617,0.13057385
2022-10-03,-0.00226508,-0.00224724,0.12363527,0.12803318
2022-10-04,-0.00250245,-0.00270750,0.12082343,0.12497903
2022-10-05,0.00160182,0.00130036,0.12261878,0.12644190
2022-10-06,-0.00714194,-0.00657850,0.11460111,0.11903161
2022-10-07,-0.00567240,-0.00574933,0.10827865,0.11259793
2022-10-10,0.00227040,0.00239874,0.11079488,0.11526676
2022-10-11,0.00420137,0.00446062,0.11546175,0.12024154
2022-10-12,-0.00061432,-0.00068370,0.11477650,0.11947563
2022-10-13,-0.00034710,0.00004446,0.11438956,0.11952540
2022-10-14,0.00343301,0.00288565,0.11821527,0.12275596
2022-10-17,-0.00001486,0.00039111,0.11819865,0.12319508
2022-10-18,0.00004785,0.00037218,0.11825215,0.12361312
2022-10-19,0.00094315,0.00071181,0.11930683,0.12441291
2022-10-20,-0.00492723,-0.00535879,0.11379175,0.11838742
2022-10-21,0.00242034,0.00227364,0.11648751,0.12093023
2022-10-24,-0.00676044,-0.00669404,0.10893956,0.11342668
2022-10-25,0.00258934,0.00273463,0.11181098,0.11647149
2022-10-26,0.00054925,0.00028958,0.11242164,0.11679480
2022-10-27,0.00314035,0.00287842,0.11591504,0.12000941
2022-10-28,0.00179475,0.00070380,0.11791783,0.12079767
2022-10-31,0.00595266,0.00536856,0.12457241,0.12681475
2022-11-01,0.00467270,0.00467172,0.12982720,0.13207891
2022-11-02,-0.00704147,-0.00608773,0.12187156,0.12518712
2022-11-03,-0.00418986,-0.00393948,0.11717108,0.12075448
2022-11-04,-0.00018312,0.00051644,0.11696650,0.12133328
2022-11-07,0.00164244,0.00147797,0.11880105,0.12299058
2022-11-08,0.00216052,0.00218764,0.12121824,0.12544728
2022-11-09,0.00073828,0.00137020,0.12204601,0.12698936
2022-11-10,0.00117005,0.00116464,0.12335887,0.12830190
2022-11-11,-0.00347327,-0.00312186,0.11945714,0.12477949
2022-11-14,-0.00226386,-0.00149140,0.11692286,0.12310199
2022-11-15,-0.00032935,0.00068065,0.11655500,0.12386643
2022-11-16,-0.00301634,-0.00297042,0.11318708,0.12052808
2022-11-17,-0.00621639,-0.00561893,0.10626707,0.11423192
2022-11-18,-0.00505253,-0.00477685,0.10067763,0.10890939
2022-11-21,0.00243556,0.00153581,0.10335839,0.11061247
2022-11-22,-0.00009967,0.00082192,0.10324843,0.11152530
2022-11-23,0.00654778,0.00525260,0.11047225,0.11736370
2022-11-24,0.00426120,0.00450450,0.11520420,0.12239686
2022-11-25,-0.00061373,-0.00067662,0.11451976,0.12163743
2022-11-28,-0.00287643,-0.00276187,0.11131392,0.11853961
2022-11-29,0.00252721,0.00250483,0.11412244,0.12134137
2022-11-30,-0.00200483,-0.00210515,0.11188882,0.11898078
2022-12-01,-0.00199556,-0.00180196,0.10966998,0.11696442
2022-12-02,0.01045022,0.00951080,0.12126627,0.12758764
2022-12-05,0.00130097,0.00139279,0.12272501,0.12915814
2022-12-06,0.00329085,0.00263199,0.12641973,0.13213007
2022-12-07,-0.00175944,-0.00164157,0.12443786,0.13027160
2022-12-08,-0.00337357,-0.00370966,0.12064449,0.12607868
2022-12-09,0.00607691,0.00526853,0.12745455,0.13201146
2022-12-12,-0.00322044,-0.00324479,0.12382365,0.12833832
2022-12-13,0.00678659,0.00615666,0.13145058,0.13528512
2022-12-14,0.00499021,0.00542505,0.13709676,0.14144409
2022-12-15,-0.00179755,-0.00119470,0.13505277,0.14008040
2022-12-16,0.00473562,0.00363077,0.14042795,0.14421977
2022-12-19,0.00322144,0.00251484,0.14410176,0.14709731
2022-12-20,0.00266407,0.00223451,0.14714974,0.14966050
2022-12-21,-0.00361741,-0.00355447,0.14300003,0.14557407
2022-12-22,-0.00248417,-0.00172191,0.14016062,0.14360149
2022-12-23,0.00203690,0.00185691,0.14248302,0.14572506
2022-12-26,-0.00366937,-0.00323471,0.13829082,0.14201897
2022-12-27,0.00107224,0.00070937,0.13951134,0.14282908
2022-12-28,0.00128688,0.00130553,0.14097775,0.14432109
2022-12-29,-0.00363191,-0.00321847,0.13683381,0.14063812
2022-12-30,0.00446420,0.00479675,0.14190887,0.14610948
2023-01-02,0.00315634,0.00317986,0.14551313,0.14975395
2023-01-03,0.00108599,0.00023625,0.14675714,0.15002558
2023-01-04,0.00143912,0.00109231,0.14840746,0.15128177
2023-01-05,0.00143540,0.00156481,0.15005589,0.15308331
2023-01-06,0.00294883,0.00282400,0.15344721,0.15633962
2023-01-09,0.00339095,0.00330242,0.15735849,0.16015834
2023-01-10,-0.00068275,0.00031612,0.15656830,0.16052509
2023-01-11,-0.00056844,-0.00096468,0.15591087,0.15940556
2023-01-12,-0.00087641,-0.00195929,0.15489782,0.15713395
2023-01-13,-0.00082199,-0.00093136,0.15394850,0.15605625
2023-01-16,-0.00107288,-0.00016889,0.15271045,0.15586100
2023-01-17,-0.00093287,-0.00066071,0.15163513,0.15509732
2023-01-18,0.00564660,0.00557114,0.15813796,0.16153253
2023-01-19,0.00064576,0.00141691,0.15888583,0.16317832
2023-01-20,0.00227716,0.00201486,0.16152481,0.16552195
2023-01-23,-0.00018480,-0.00061897,0.16131016,0.16480053
2023-01-24,0.00060964,0.00098037,0.16201815,0.16594247
2023-01-25,-0.00031257,-0.00040307,0.16165493,0.16547252
2023-01-26,-0.00013590,0.00014088,0.16149707,0.16563672
2023-01-27,0.00246718,0.00230862,0.16436269,0.16832773
2023-01-30,0.00065336,0.00074157,0.16512344,0.16919412
2023-01-31,-0.00009505,0.00079066,0.16501269,0.17011856
2023-02-01,-0.00501228,-0.00529744,0.15917333,0.16391993
2023-02-02,0.00238282,0.00238938,0.16193543,0.16670098
2023-02-03,-0.00179927,-0.00156359,0.15984479,0.16487675
2023-02-06,0.00241720,0.00144031,0.16264837,0.16655453
2023-02-07,-0.00279436,-0.00202981,0.15939951,0.16418665
2023-02-08,0.00091456,0.00124246,0.16045985,0.16563310
2023-02-09,-0.00285275,-0.00266953,0.15714934,0.16252141
2023-02-10,0.00592463,0.00533652,0.16400503,0.16872523
2023-02-13,0.00314601,0.00343201,0.16766700,0.17273631
2023-02-14,0.00428695,0.00385188,0.17267273,0.17725355
2023-02-15,-0.00609506,-0.00500924,0.16552523,0.17135640
2023-02-16,0.00095863,0.00170030,0.16664253,0.17334805
2023-02-17,0.00064308,0.00063061,0.16739278,0.17408798
2023-02-20,0.00117169,0.00025222,0.16876060,0.17438411
2023-02-21,0.00131340,0.00083208,0.17029566,0.17536129
2023-02-22,-0.00263495,-0.00232995,0.16721199,0.17262276
2023-02-23,-0.00026614,-0.00211276,0.16690134,0.17014528
2023-02-24,0.00805211,0.00718648,0.17629736,0.17855451
2023-02-27,-0.00130401,-0.00175313,0.17476346,0.17648835
2023-02-28,0.00001241,0.00030952,0.17477803,0.17685250
2023-03-01,0.00345733,0.00303497,0.17883962,0.18042422
2023-03-02,0.00322670,0.00171168,0.18264338,0.18244472
2023-03-03,-0.00058874,0.00001740,0.18194712,0.18246529
2023-03-06,-0.00119592,-0.00096202,0.18053361,0.18132774
2023-03-07,0.00149937,0.00202349,0.18230366,0.18371815
2023-03-08,-0.00277237,-0.00246912,0.17902588,0.18079540
2023-03-09,-0.00487214,-0.00462976,0.17328151,0.17532860
2023-03-10,0.00068084,0.00182057,0.17408032,0.17746837
2023-03-13,-0.00203438,-0.00231134,0.17169179,0.17474684
2023-03-14,-0.00060568,-0.00022437,0.17098212,0.17448327
2023-03-15,-0.00081726,-0.00171788,0.17002512,0.17246565
2023-03-16,0.00581283,0.00466913,0.17682628,0.17794004
2023-03-17,-0.00218861,-0.00129998,0.17425067,0.17640875
2023-03-20,0.00236523,0.00137137,0.17702804,0.17802204
2023-03-21,0.00026832,-0.00001500,0.17734386,0.17800437
2023-03-22,0.00081717,0.00064782,0.17830595,0.17876750
2023-03-23,0.00408185,0.00350839,0.18311561,0.18290308
2023-03-24,-0.00330553,-0.00324960,0.17920479,0.17905912
2023-03-27,0.00359535,0.00353289,0.18344444,0.18322461
2023-03-28,0.00092704,0.00091456,0.18454154,0.18430673
2023-03-29,0.00348980,0.00302890,0.18867536,0.18789388
2023-03-30,0.00006294,-0.00054924,0.18875018,0.18724144
2023-03-31,0.00675358,0.00518107,0.19677849,0.19339262
2023-04-03,0.00239095,0.00380019,0.19963993,0.19792774
2023-04-04,-0.00330577,-0.00286600,0.19567419,0.19449448
2023-04-05,-0.00131201,-0.00079358,0.19410545,0.19354654
2023-04-06,0.00083929,0.00119373,0.19510765,0.19497131
2023-04-07,-0.00179360,-0.00047873,0.19296410,0.19439925
2023-04-10,0.00362468,0.00265786,0.19728821,0.19757379
2023-04-11,0.00582203,0.00433351,0.20425886,0.20276348
2023-04-12,0.00071117,0.00153192,0.20511529,0.20460601
2023-04-13,-0.00198545,-0.00146604,0.20272260,0.20284001
2023-04-14,0.00037993,-0.00087884,0.20317955,0.20178291
2023-04-17,-0.00132185,-0.00176045,0.20158913,0.19966722
2023-04-18,0.00227192,0.00174126,0.20431905,0.20175615
2023-04-19,0.00248961,0.00277064,0.20731734,0.20508578
2023-04-20,-0.00439495,-0.00415400,0.20201124,0.20007986
2023-04-21,0.00373353,0.00250846,0.20649898,0.20309021
2023-04-24,0.00611709,0.00531367,0.21387924,0.20948303
2023-04-25,-0.00256132,-0.00214188,0.21077011,0.20689246
2023-04-26,0.00105425,0.00168189,0.21204657,0.20892232
2023-04-27,0.00416285,0.00342788,0.21709214,0.21306635
2023-04-28,0.00065152,0.00080468,0.21788510,0.21404249
2023-05-01,0.00387107,0.00397333,0.22259962,0.21886628
2023-05-02,0.00622591,0.00558467,0.23021141,0.22567325
2023-05-03,0.00072539,0.00020790,0.23110379,0.22592807
2023-05-04,-0.00319366,-0.00259752,0.22717207,0.22274369
2023-05-05,-0.00711088,-0.00624045,0.21844580,0.21511322
2023-05-08,-0.00151539,-0.00175435,0.21659938,0.21298149
2023-05-09,0.00046882,-0.00023578,0.21716975,0.21269550
2023-05-10,0.00738186,0.00644761,0.22615472,0.22051449
2023-05-11,-0.00329794,-0.00378568,0.22211094,0.21589402
2023-05-12,0.00070877,0.00059572,0.22297714,0.21661835
2023-05-15,0.00067683,-0.00010905,0.22380488,0.21648567
2023-05-16,0.00183213,0.00109504,0.22604706,0.21781777
2023-05-17,0.00837243,0.00678572,0.23631205,0.22608154
2023-05-18,-0.00157848,-0.00094069,0.23436056,0.22492817
2023-05-19,-0.00116499,-0.00009127,0.23292254,0.22481637
2023-05-22,0.00319709,0.00224342,0.23686429,0.22756415
2023-05-23,0.00513627,0.00518920,0.24321716,0.23393422
2023-05-24,0.00685983,0.00534459,0.25174542,0.24052909
2023-05-25,0.00335813,0.00352124,0.25594895,0.24489729
2023-05-26,-0.00124789,-0.00095684,0.25438167,0.24370612
2023-05-29,0.00174751,0.00115374,0.25657371,0.24514104
2023-05-30,0.00265494,0.00190913,0.25990985,0.24751818
2023-05-31,0.00221386,0.00195520,0.26269911,0.24995733
2023-06-01,0.00293678,0.00207074,0.26640738,0.25254567
2023-06-02,0.00418033,0.00327578,0.27170138,0.25664874
2023-06-05,0.00359724,0.00194572,0.27627599,0.25909382
2023-06-06,0.00332765,0.00147485,0.28052300,0.26095079
2023-06-07,0.00191024,0.00116862,0.28296910,0.26242436
2023-06-08,0.00439128,0.00374442,0.28860298,0.26715141
2023-06-09,0.00033666,-0.00055191,0.28903680,0.26645205
2023-06-12,0.00623675,0.00550625,0.29707619,0.27342546
2023-06-13,-0.00439975,-0.00433108,0.29136938,0.26791015
2023-06-14,-0.00103768,-0.00204582,0.29002935,0.26531624
2023-06-15,-0.00118852,-0.00048111,0.28849613,0.26470748
2023-06-16,0.00242182,0.00300124,0.29161663,0.26850317
2023-06-19,0.00420213,0.00356036,0.29704418,0.27301950
2023-06-20,0.00126391,0.00240535,0.29868353,0.27608156
2023-06-21,0.00063504,0.00079873,0.29950825,0.27710080
2023-06-22,-0.00392394,-0.00261636,0.29440905,0.27375945
2023-06-23,0.00186103,0.00092689,0.29681799,0.27494008
2023-06-26,0.00270719,0.00162359,0.30032873,0.27701006
2023-06-27,0.00735465,0.00579389,0.30989218,0.28440891
2023-06-28,-0.00063885,0.00037930,0.30905537,0.28489608
2023-06-29,0.00261715,0.00242316,0.31248135,0.28800959
2023-06-30,0.00301626,0.00305497,0.31644014,0.29194442
2023-07-03,0.00755963,0.00598689,0.32639195,0.29967915
2023-07-04,0.00162535,0.00141654,0.32854780,0.30152019
2023-07-05,0.00157317,0.00141204,0.33063782,0.30335799
2023-07-06,0.00311554,0.00257543,0.33478348,0.30671470
2023-07-07,-0.00055767,-0.00134592,0.33403911,0.30495596
2023-07-10,-0.00280657,-0.00208207,0.33029503,0.30223895
2023-07-11,0.00112784,0.00074876,0.33179539,0.30321402
2023-07-12,0.00623457,0.00524540,0.34009857,0.31004990
2023-07-13,-0.00328091,-0.00278034,0.33570183,0.30640752
2023-07-14,-0.00009629,-0.00086850,0.33557322,0.30527291
2023-07-17,-0.00251416,-0.00093532,0.33221538,0.30405206
2023-07-18,0.00309611,0.00203716,0.33634006,0.30670863
2023-07-19,-0.00500137,-0.00430055,0.32965653,0.30108907
2023-07-20,0.00019059,0.00141136,0.32990996,0.30292538
2023-07-21,0.00208002,0.00157297,0.33267620,0.30497485
2023-07-24,0.00665384,0.00491695,0.34154362,0.31139134
2023-07-25,0.00213429,0.00225587,0.34440686,0.31434967
2023-07-26,-0.00146239,-0.00122455,0.34244081,0.31274018
2023-07-27,0.00615880,0.00504933,0.35070864,0.31936864
2023-07-28,-0.00629652,-0.00451154,0.34220388,0.31341626
2023-07-31,-0.00587084,-0.00358384,0.33432401,0.30870919
2023-08-01,0.00275875,0.00287536,0.33800508,0.31247220
2023-08-02,-0.00211857,-0.00215215,0.33517042,0.30964757
2023-08-03,-0.00362041,-0.00259779,0.33033655,0.30624538
2023-08-04,0.00335273,0.00297208,0.33479681,0.31012765
2023-08-07,0.00386803,0.00426024,0.33995984,0.31570911
2023-08-08,-0.00247351,-0.00305912,0.33664544,0.31168420
2023-08-09,-0.00659909,-0.00603494,0.32782480,0.30376826
2023-08-10,0.00669135,0.00581248,0.33670974,0.31134639
2023-08-11,0.00199195,0.00152456,0.33937240,0.31334562
2023-08-14,-0.00077327,-0.00057784,0.33833670,0.31258672
2023-08-15,0.00404772,0.00085026,0.34375391,0.31370276
2023-08-16,-0.00468932,-0.00324988,0.33745262,0.30943338
2023-08-17,-0.00450256,-0.00204997,0.33143065,0.30674908
2023-08-18,-0.00425423,-0.00452721,0.32576644,0.30083315
2023-08-21,-0.00051275,-0.00104763,0.32508666,0.29947036
2023-08-22,0.00079123,0.00059641,0.32613511,0.30024538
2023-08-23,0.00124837,0.00222484,0.32779061,0.30313822
2023-08-24,0.00253549,0.00234748,0.33115721,0.30619731
2023-08-25,-0.00301665,-0.00214836,0.32714158,0.30339113
2023-08-28,0.00489919,0.00423936,0.33364349,0.30891668
2023-08-29,-0.00036744,-0.00044652,0.33315346,0.30833222
2023-08-30,0.00536382,0.00361025,0.34030426,0.31305563
2023-08-31,0.00227563,0.00205125,0.34335429,0.31574904
2023-09-01,-0.00042467,-0.00218636,0.34278381,0.31287233
2023-09-04,0.00381693,0.00344544,0.34790912,0.31739575
2023-09-05,0.00484139,0.00650407,0.35443488,0.32596419
2023-09-06,0.00246286,0.00282432,0.35777066,0.32970913
2023-09-07,0.00212714,-0.00003605,0.36065883,0.32966120
2023-09-08,0.00155366,0.00141808,0.36277283,0.33154677
2023-09-11,0.00038410,-0.00040972,0.36329628,0.33100120
2023-09-12,0.00089171,0.00135867,0.36451195,0.33280959
2023-09-13,0.00205687,0.00082538,0.36731858,0.33390967
2023-09-14,-0.00271270,-0.00246338,0.36360945,0.33062374
2023-09-15,0.00639207,0.00421525,0.37232573,0.33623265
2023-09-18,0.00055325,-0.00000795,0.37308497,0.33622203
2023-09-19,-0.00280917,-0.00107638,0.36922775,0.33478375
2023-09-20,-0.00129846,-0.00193815,0.36744986,0.33219673
2023-09-21,-0.00001291,0.00191182,0.36743220,0.33474365
2023-09-22,0.00495810,0.00377304,0.37421207,0.33977969
2023-09-25,-0.00008861,0.00088224,0.37409030,0.34096170
2023-09-26,-0.00270606,-0.00307277,0.37037193,0.33684123
2023-09-27,-0.00682071,-0.00431881,0.36102502,0.33106767
2023-09-28,-0.00357286,-0.00275076,0.35616226,0.32740622
2023-09-29,-0.00835455,-0.00624420,0.34483214,0.31911764
2023-10-02,-0.00312575,-0.00173574,0.34062853,0.31682800
2023-10-03,0.00554817,0.00461127,0.34806656,0.32290024
2023-10-04,0.00453586,0.00423580,0.35418120,0.32850379
2023-10-05,0.00100493,0.00032451,0.35554205,0.32893490
2023-10-06,-0.00358704,-0.00254389,0.35067967,0.32555423
2023-10-09,0.00134193,0.00114261,0.35249219,0.32706883
2023-10-10,-0.00198944,-0.00226195,0.34980149,0.32406707
2023-10-11,-0.00592206,-0.00533534,0.34180787,0.31700272
2023-10-12,0.00499743,0.00338900,0.34851346,0.32146604
2023-10-13,0.00108844,-0.00039952,0.34998123,0.32093809
2023-10-16,0.00117440,0.00166872,0.35156666,0.32314236
2023-10-17,0.00014372,0.00013953,0.35176091,0.32332697
2023-10-18,-0.00129092,-0.00191754,0.35001589,0.32078944
2023-10-19,-0.00622614,-0.00415768,0.34161050,0.31529802
2023-10-20,-0.00051836,0.00029994,0.34091506,0.31569252
2023-10-23,-0.00358507,-0.00274729,0.33610779,0.31207793
2023-10-24,-0.00427528,-0.00442865,0.33039555,0.30626720
2023-10-25,-0.00107563,0.00085528,0.32896455,0.30738442
2023-10-26,0.00768954,0.00738023,0.33918367,0.31703321
2023-10-27,0.00398782,0.00340187,0.34452409,0.32151358
2023-10-30,-0.00133945,-0.00082455,0.34272317,0.32042393
2023-10-31,0.00113208,0.00092898,0.34424324,0.32165057
2023-11-01,0.00491753,0.00330741,0.35085359,0.32602181
2023-11-02,0.00518330,0.00470046,0.35785548,0.33225472
2023-11-03,0.00066093,0.00092294,0.35875292,0.33348431
2023-11-06,-0.00214352,-0.00234717,0.35584041,0.33035440
2023-11-07,0.00420092,0.00330431,0.36153618,0.33475031
2023-11-08,0.00031066,-0.00050841,0.36195916,0.33407171
2023-11-09,0.00350188,0.00236150,0.36672858,0.33722213
2023-11-10,-0.00104181,-0.00178020,0.36530471,0.33484160
2023-11-13,0.00788868,0.00701541,0.37607517,0.34420606
2023-11-14,-0.00125433,-0.00063450,0.37434911,0.34335316
2023-11-15,0.00542370,0.00463308,0.38180317,0.34957702
2023-11-16,0.00339667,0.00292734,0.38649669,0.35352769
2023-11-17,0.00680132,0.00456360,0.39592670,0.35970464
2023-11-20,-0.00396771,-0.00347659,0.39038808,0.35497751
2023-11-21,0.00835990,0.00662410,0.40201158,0.36395301
2023-11-22,0.00121390,0.00151259,0.40371349,0.36601611
2023-11-23,-0.00237465,-0.00219231,0.40038016,0.36302137
2023-11-24,-0.00001174,0.00081374,0.40036372,0.36413052
2023-11-27,-0.00009284,0.00108396,0.40023371,0.36560918
2023-11-28,0.00217038,0.00144034,0.40327274,0.36757613
2023-11-29,0.00454758,0.00419087,0.40965424,0.37330746
2023-11-30,-0.00506168,-0.00505747,0.40251903,0.36636201
2023-12-01,-0.00021655,0.00069818,0.40221531,0.36731597
2023-12-04,0.00885072,0.00757193,0.41462592,0.37766919
2023-12-05,0.00753288,0.00602478,0.42528213,0.38596934
2023-12-06,0.00207466,0.00150540,0.42823910,0.38805579
2023-12-07,-0.00192051,-0.00302598,0.42549616,0.38385556
2023-12-08,-0.00008420,-0.00071418,0.42537613,0.38286725
2023-12-11,-0.00091606,-0.00232722,0.42407040,0.37964901
2023-12-12,-0.00636442,-0.00529621,0.41500703,0.37234211
2023-12-13,-0.00064742,-0.00047927,0.41409092,0.37168439
2023-12-14,-0.00746895,-0.00596466,0.40352915,0.36350276
2023-12-15,0.00210613,0.00176521,0.40648516,0.36590963
2023-12-18,0.00048564,-0.00073336,0.40716821,0.36490792
2023-12-19,-0.00236073,-0.00220489,0.40384627,0.36189845
2023-12-20,0.00793195,0.00646721,0.41498150,0.37070614
2023-12-21,-0.00526430,-0.00413787,0.40753262,0.36503433
2023-12-22,-0.00809740,-0.00659611,0.39613527,0.35603041
2023-12-25,0.00086803,0.00055534,0.39734716,0.35678347
2023-12-26,0.00415080,0.00351061,0.40314727,0.36154661
2023-12-27,0.00628694,0.00341879,0.41196877,0.36620145
2023-12-28,-0.00401758,-0.00490731,0.40629606,0.35949707
2023-12-29,0.00492007,0.00490137,0.41321514,0.36616047
2024-01-01,0.00035619,0.00064433,0.41371851,0.36704073
2024-01-02,-0.00027036,-0.00055594,0.41333631,0.36628073
2024-01-03,0.00173994,-0.00051787,0.41579543,0.36557318
2024-01-04,0.00183332,0.00034428,0.41839104,0.36604332
2024-01-05,-0.00800691,-0.00605018,0.40703411,0.35777851
2024-01-08,0.00648141,0.00454380,0.41615367,0.36394799
2024-01-09,0.00516765,0.00275160,0.42347186,0.36770102
2024-01-10,-0.00519168,-0.00442514,0.41608165,0.36164876
2024-01-11,0.00055119,0.00006471,0.41686217,0.36173687
2024-01-12,0.00182195,0.00053914,0.41944363,0.36247104
2024-01-15,0.00112856,0.00097525,0.42104556,0.36379979
2024-01-16,0.00184272,0.00312032,0.42366415,0.36805529
2024-01-17,-0.00451740,-0.00493513,0.41723288,0.36130375
2024-01-18,0.00143535,0.00179669,0.41926711,0.36374959
2024-01-19,0.00534129,0.00384916,0.42684783,0.36899888
2024-01-22,0.00173776,0.00072329,0.42932735,0.36998907
2024-01-23,-0.00150323,-0.00117857,0.42717875,0.36837445
2024-01-24,0.00337095,0.00249405,0.43198970,0.37178725
2024-01-25,-0.00924641,-0.00426881,0.41874893,0.36593136
2024-01-26,0.00368164,0.00235236,0.42397225,0.36914452
2024-01-29,-0.00577506,-0.00257001,0.41574872,0.36562582
2024-01-30,-0.00449659,-0.00491960,0.40938268,0.35890749
2024-01-31,-0.00412751,-0.00366888,0.40356543,0.35392182
2024-02-01,-0.00488474,-0.00244789,0.39670939,0.35060757
2024-02-02,0.00512648,0.00349374,0.40386959,0.35532624
2024-02-05,-0.00134503,0.00081185,0.40198134,0.35642656
2024-02-06,0.00322892,0.00286436,0.40650822,0.36031186
2024-02-07,0.00013013,0.00005348,0.40669125,0.36038461
2024-02-08,0.00166133,0.00085835,0.40902823,0.36155230
2024-02-09,0.00120661,0.00209905,0.41072838,0.36441026
2024-02-12,-0.00581500,-0.00464555,0.40252499,0.35807182
2024-02-13,0.00621333,0.00536393,0.41123933,0.36535643
2024-02-14,-0.00408336,-0.00332675,0.40547673,0.36081423
2024-02-15,-0.00594335,-0.00422294,0.39712349,0.35506759
2024-02-16,-0.00368617,-0.00361588,0.39197345,0.35016783
2024-02-19,0.00698052,0.00527780,0.40169015,0.35729375
2024-02-20,0.00263544,0.00036767,0.40538421,0.35779278
2024-02-21,-0.00158805,-0.00150466,0.40315240,0.35574977
2024-02-22,-0.00211576,-0.00169490,0.40018366,0.35345191
2024-02-23,-0.00117877,-0.00088101,0.39853317,0.35225950
2024-02-26,0.00848411,0.00491803,0.41039848,0.35890995
2024-02-27,0.00216422,0.00175083,0.41345090,0.36128917
2024-02-28,0.00537506,0.00588520,0.42104828,0.36930063
2024-02-29,0.00528344,0.00288818,0.42855631,0.37325542
2024-03-01,0.00072506,0.00070865,0.42959210,0.37422858
2024-03-04,-0.00280095,-0.00253664,0.42558789,0.37074266
2024-03-05,0.00232465,0.00377099,0.42890188,0.37591171
2024-03-06,-0.00024487,-0.00060463,0.42855199,0.37507980
2024-03-07,0.00169721,0.00243970,0.43097654,0.37843459
2024-03-08,0.00137563,-0.00041529,0.43294504,0.37786214
2024-03-11,-0.00116266,-0.00226644,0.43127901,0.37473929
2024-03-12,0.00172854,0.00009406,0.43375303,0.37486860
2024-03-13,0.00185548,0.00271825,0.43641334,0.37860583
2024-03-14,-0.00162488,-0.00220728,0.43407934,0.37556286
2024-03-15,-0.00911034,-0.00612944,0.42101439,0.36713143
2024-03-18,0.00540442,0.00516618,0.42869414,0.37419428
2024-03-19,0.00140142,0.00038248,0.43069634,0.37471988
2024-03-20,0.00451513,0.00318651,0.43715613,0.37910044
2024-03-21,-0.01250090,-0.00817666,0.41919038,0.36782401
2024-03-22,0.01059967,0.00848999,0.43423334,0.37943682
2024-03-25,-0.00176592,-0.00177866,0.43170060,0.37698327
2024-03-26,0.00610216,0.00414806,0.44043707,0.38269507
2024-03-27,-0.00191261,0.00031097,0.43768207,0.38312505
2024-03-28,0.00414663,0.00415343,0.44364361,0.38886975
2024-03-29,-0.00202489,-0.00069519,0.44072039,0.38790423
2024-04-01,-0.00527800,-0.00554236,0.43311627,0.38021196
2024-04-02,0.00684533,0.00333667,0.44292642,0.38481728
2024-04-03,0.00295462,0.00389625,0.44718972,0.39021287
2024-04-04,0.00202798,0.00134771,0.45012459,0.39208647
2024-04-05,0.00509912,0.00435569,0.45751895,0.39814996
2024-04-08,0.00314799,0.00248675,0.46210721,0.40162681
2024-04-09,0.00138216,0.00125359,0.46412808,0.40338387
2024-04-10,0.00168082,0.00118904,0.46658901,0.40505256
2024-04-11,0.00991666,0.00595376,0.48113267,0.41341790
2024-04-12,0.00037715,0.00045916,0.48169128,0.41406689
2024-04-15,0.00170297,0.00119859,0.48421455,0.41576177
2024-04-16,0.00545938,0.00381423,0.49231744,0.42116182
2024-04-17,0.00361739,0.00109483,0.49771574,0.42271774
2024-04-18,0.00510401,0.00348850,0.50536010,0.42768090
2024-04-19,0.00149244,0.00011143,0.50760676,0.42783999
2024-04-22,-0.00278536,0.00001068,0.50340753,0.42785524
2024-04-23,0.00635569,0.00343279,0.51296272,0.43275676
2024-04-24,-0.00190897,0.00052694,0.51007452,0.43351174
2024-04-25,0.00070825,0.00014752,0.51114403,0.43372320
2024-04-26,-0.00459505,-0.00420438,0.50420024,0.42769529
2024-04-29,0.00053430,0.00023539,0.50500393,0.42803136
2024-04-30,0.00119845,0.00060040,0.50680760,0.42888875
2024-05-01,0.00264054,0.00208380,0.51078638,0.43186626
2024-05-02,0.00097022,-0.00042422,0.51225217,0.43125883
2024-05-03,0.00940200,0.00743888,0.52647036,0.44190579
2024-05-06,0.00290181,0.00233836,0.53089989,0.44527748
2024-05-07,0.00040232,0.00110621,0.53151580,0.44687626
2024-05-08,0.00387093,0.00274445,0.53744419,0.45084715
2024-05-09,0.00551545,0.00331759,0.54592389,0.45566047
2024-05-10,-0.00414131,-0.00159685,0.53952174,0.45333599
2024-05-13,0.00115572,-0.00126057,0.54130099,0.45150396
2024-05-14,0.00483683,0.00356162,0.54875601,0.45667366
2024-05-15,-0.00206668,-0.00213026,0.54555523,0.45357056
2024-05-16,0.00764345,0.00507304,0.55736861,0.46094459
2024-05-17,-0.00084996,-0.00143217,0.55604491,0.45885227
2024-05-20,0.00241765,0.00250626,0.55980688,0.46250854
2024-05-21,-0.00278306,-0.00435653,0.55546584,0.45613707
2024-05-22,0.00088957,0.00071873,0.55684954,0.45718364
2024-05-23,-0.00299745,-0.00053174,0.55218296,0.45640879
2024-05-24,-0.00741910,-0.00620860,0.54066716,0.44736653
2024-05-27,0.01039352,0.00870126,0.55668012,0.45996044
2024-05-28,-0.00451620,-0.00357193,0.54964984,0.45474557
2024-05-29,-0.00248755,-0.00004776,0.54579502,0.45467610
2024-05-30,-0.00908291,-0.00593485,0.53175470,0.44604281
2024-05-31,-0.00273210,-0.00167965,0.52756979,0.44361396
2024-06-03,-0.00568340,-0.00368877,0.51888801,0.43828880
2024-06-04,0.00769140,0.00508190,0.53057038,0.44559804
2024-06-05,0.00424576,0.00138326,0.53706881,0.44759768
2024-06-06,-0.00462776,-0.00455228,0.52995562,0.44100781
2024-06-07,0.00888528,0.00409910,0.54354970,0.44691464
2024-06-10,0.00541268,0.00292481,0.55190444,0.45114660
2024-06-11,-0.00157694,-0.00147418,0.54945718,0.44900734
2024-06-12,-0.01115916,-0.00783908,0.53216655,0.43764845
2024-06-13,0.01112618,0.00708468,0.54921370,0.44783373
2024-06-14,-0.00435017,-0.00162126,0.54247437,0.44548642
2024-06-17,-0.00787845,-0.00477462,0.53032205,0.43858478
2024-06-18,0.00440989,0.00252167,0.53707061,0.44221241
2024-06-19,0.00931398,0.00451488,0.55138686,0.44872382
2024-06-20,0.00661182,0.00392297,0.56164435,0.45440712
2024-06-21,0.00260463,0.00037355,0.56571185,0.45495041
2024-06-24,0.00489477,0.00480577,0.57337565,0.46194257
2024-06-25,0.00250333,-0.00028291,0.57731432,0.46152897
2024-06-26,0.00351943,0.00186636,0.58286557,0.46425671
2024-06-27,0.00375931,0.00330858,0.58881605,0.46910132
2024-06-28,0.00034101,-0.00063970,0.58935785,0.46816154
2024-07-01,-0.00027762,0.00053125,0.58891662,0.46894149
2024-07-02,-0.00426785,-0.00410558,0.58213535,0.46291064
2024-07-03,-0.00235671,-0.00187854,0.57840672,0.46016251
2024-07-04,-0.00653720,-0.00256014,0.56808836,0.45642429
2024-07-05,0.00209227,0.00291361,0.57136923,0.46066774
2024-07-08,-0.00656642,-0.00633142,0.56105096,0.45141964
2024-07-09,-0.00329091,-0.00123067,0.55591368,0.44963342
2024-07-10,0.00007860,-0.00150401,0.55603597,0.44745315
2024-07-11,0.00515508,0.00354991,0.56405746,0.45259148
2024-07-12,0.00112025,-0.00090890,0.56580960,0.45127121
2024-07-15,-0.00708366,-0.00355918,0.55471793,0.44610588
2024-07-16,-0.00286609,-0.00048272,0.55026198,0.44540781
2024-07-17,0.00493790,0.00379104,0.55791702,0.45088741
2024-07-18,-0.00663667,-0.00571696,0.54757763,0.44259275
2024-07-19,-0.00207139,-0.00150081,0.54437199,0.44042769
2024-07-22,0.00127210,-0.00108699,0.54633659,0.43886196
2024-07-23,-0.00377584,-0.00264484,0.54049787,0.43505641
2024-07-24,-0.00056236,-0.00173158,0.53963155,0.43257149
2024-07-25,-0.00693961,-0.00549315,0.52894712,0.42470216
2024-07-26,-0.00376426,-0.00307127,0.52319177,0.42032651
2024-07-29,0.00393765,0.00369744,0.52918957,0.42557808
2024-07-30,-0.00721916,-0.00544650,0.51815011,0.41781367
2024-07-31,0.00179336,-0.00053407,0.52087270,0.41705646
2024-08-01,-0.00001679,0.00034286,0.52084716,0.41754231
2024-08-02,0.00461057,0.00402910,0.52785913,0.42325373
2024-08-05,0.00023188,-0.00124980,0.52821341,0.42147495
2024-08-06,0.00593576,0.00388319,0.53728452,0.42699481
2024-08-07,0.00152371,0.00246110,0.53962689,0.43050678
2024-08-08,-0.00092497,0.00045084,0.53820278,0.43115172
2024-08-09,0.00115188,0.00089890,0.53997461,0.43243818
2024-08-12,0.00040014,-0.00182050,0.54059081,0.42983043
2024-08-13,-0.00065617,-0.00072197,0.53957992,0.42879814
2024-08-14,0.00105523,0.00134251,0.54120453,0.43071631
2024-08-15,-0.00459326,-0.00397631,0.53412537,0.42502735
2024-08-16,-0.00259711,-0.00267649,0.53014108,0.42121328
2024-08-19,-0.00512949,-0.00308450,0.52229223,0.41682955
2024-08-20,0.00652949,0.00172695,0.53223203,0.41927635
2024-08-21,-0.00387458,-0.00070058,0.52629528,0.41828203
2024-08-22,-0.00287748,-0.00146885,0.52190340,0.41619878
2024-08-23,-0.00366534,-0.00290176,0.51632511,0.41208931
2024-08-26,0.00297977,0.00138474,0.52084341,0.41404468
2024-08-27,-0.00115116,0.00077966,0.51909267,0.41514715
2024-08-28,0.00402231,0.00213775,0.52520294,0.41817237
2024-08-29,-0.00260886,-0.00169612,0.52122390,0.41576699
2024-08-30,0.00027206,-0.00101999,0.52163776,0.41432292
2024-09-02,-0.00395245,-0.00256950,0.51562356,0.41068881
2024-09-03,0.00906073,0.00396523,0.52935621,0.41628252
2024-09-04,-0.00460123,-0.00231007,0.52231929,0.41301082
2024-09-05,-0.00195438,-0.00369001,0.51934410,0.40779679
2024-09-06,0.00556675,0.00590611,0.52780191,0.41611139
2024-09-09,0.00204120,0.00108906,0.53092047,0.41765362
2024-09-10,-0.00132175,-0.00036554,0.52889698,0.41713540
2024-09-11,-0.00045051,0.00020680,0.52820819,0.41742847
2024-09-12,-0.00056907,-0.00158577,0.52733854,0.41518075
2024-09-13,-0.00112134,-0.00121019,0.52562588,0.41346811
2024-09-16,0.00574470,0.00471085,0.53439014,0.42012674
2024-09-17,0.01070101,0.00620561,0.55080966,0.42893949
2024-09-18,-0.00144255,0.00034659,0.54857255,0.42943475
2024-09-19,-0.00665539,-0.00436774,0.53826620,0.42319135
2024-09-20,-0.00014864,-0.00052353,0.53803756,0.42244627
2024-09-23,0.01317513,0.00986379,0.55830140,0.43647698
2024-09-24,-0.00424109,-0.00349722,0.55169249,0.43145330
2024-09-25,0.00754736,0.00356248,0.56340367,0.43655282
2024-09-26,0.00862985,0.00679798,0.57689561,0.44631848
2024-09-27,-0.00304209,-0.00251242,0.57209854,0.44268473
2024-09-30,0.00511098,0.00450248,0.58013350,0.44918038
2024-10-01,0.00585603,0.00103958,0.58938681,0.45068692
2024-10-02,-0.00239353,-0.00194891,0.58558255,0.44785965
2024-10-03,-0.00199924,-0.00172261,0.58241259,0.44536555
2024-10-04,-0.00391670,-0.00303996,0.57621476,0.44097170
2024-10-07,-0.00356017,-0.00158780,0.57060317,0.43868372
2024-10-08,-0.00225810,-0.00181473,0.56705659,0.43607290
2024-10-09,-0.00519097,-0.00394341,0.55892205,0.43040988
2024-10-10,0.00312290,0.00464108,0.56379041,0.43704852
2024-10-11,-0.00337603,-0.00068699,0.55851100,0.43606129
2024-10-14,0.00071216,-0.00005955,0.55962092,0.43597577
2024-10-15,-0.00675566,-0.00286524,0.54908466,0.43186135
2024-10-16,0.00028783,-0.00131673,0.54953053,0.42997598
2024-10-17,0.00554826,0.00324189,0.55812773,0.43461180
2024-10-18,-0.00754730,-0.00291280,0.54636807,0.43043307
2024-10-21,0.00082638,-0.00096627,0.54764597,0.42905089
2024-10-22,0.00413803,-0.00009893,0.55405018,0.42890952
2024-10-23,-0.00538359,-0.00232438,0.54568380,0.42558818
2024-10-24,0.00979058,0.00666868,0.56081695,0.43509497
2024-10-25,0.00219261,0.00024897,0.56423921,0.43545227
2024-10-28,-0.00374941,-0.00258873,0.55837423,0.43173628
2024-10-29,0.00135271,0.00277326,0.56048225,0.43570685
2024-10-30,0.00479788,0.00399248,0.56796926,0.44143888
2024-10-31,0.00048789,0.00075591,0.56873426,0.44252848
2024-11-01,0.00228546,0.00176663,0.57231953,0.44507690
2024-11-04,-0.00281914,-0.00098697,0.56788695,0.44365066
2024-11-05,0.00059626,-0.00051613,0.56882181,0.44290555
2024-11-06,-0.00862554,-0.00766306,0.55528987,0.43184847
2024-11-07,0.00093812,0.00321918,0.55674892,0.43645785
2024-11-08,-0.00493125,-0.00323132,0.54907220,0.43181620
2024-11-11,-0.00233383,-0.00020645,0.54545693,0.43152060
2024-11-12,0.00679182,0.00506384,0.55595339,0.43876959
2024-11-13,0.00536725,0.00351338,0.56430458,0.44382454
2024-11-14,0.00330519,0.00162657,0.56947490,0.44617301
2024-11-15,-0.00251164,0.00006759,0.56553295,0.44627076
2024-11-18,-0.00201179,-0.00270301,0.56238342,0.44236148
2024-11-19,0.00641269,0.00470831,0.57240249,0.44915257
2024-11-20,-0.00194029,-0.00382187,0.56935158,0.44361409
2024-11-21,0.01230093,0.00797355,0.58865607,0.45512483
2024-11-22,0.00196350,0.00036928,0.59177539,0.45566217
2024-11-25,0.00260245,0.00236517,0.59591791,0.45910506
2024-11-26,-0.00052637,0.00046090,0.59507787,0.45977756
2024-11-27,0.00276940,0.00281733,0.59949527,0.46389024
2024-11-28,0.00014910,0.00038043,0.59973376,0.46444715
2024-11-29,0.00453619,0.00226807,0.60699045,0.46776862
2024-12-02,0.00622630,0.00527665,0.61699605,0.47551353
2024-12-03,-0.00200092,0.00056937,0.61376057,0.47635363
2024-12-04,-0.00488132,-0.00185390,0.60588330,0.47361662
2024-12-05,-0.00623788,-0.00221626,0.59586599,0.47035071
2024-12-06,0.00363803,0.00286160,0.60167180,0.47455826
2024-12-09,-0.00630115,-0.00548344,0.59157941,0.46647262
2024-12-10,-0.01052246,-0.00778154,0.57483209,0.45506120
2024-12-11,0.00127178,0.00127414,0.57683492,0.45691514
2024-12-12,0.01095012,0.00629611,0.59410145,0.46608803
2024-12-13,0.00161832,0.00249225,0.59668122,0.46974189
2024-12-16,0.00435938,0.00244686,0.60364175,0.47333814
2024-12-17,0.00004760,-0.00135879,0.60371809,0.47133618
2024-12-18,0.00103545,0.00168418,0.60537865,0.47381417
2024-12-19,0.00470406,0.00264107,0.61293044,0.47770661
2024-12-20,-0.00142459,-0.00104325,0.61063267,0.47616500
2024-12-23,0.00320147,0.00344114,0.61578907,0.48124469
2024-12-24,0.00105612,-0.00096096,0.61749553,0.47982127
2024-12-25,-0.00079401,0.00110256,0.61621122,0.48145287
2024-12-26,0.00478338,0.00139902,0.62394217,0.48352545
2024-12-27,-0.00053473,-0.00086690,0.62307380,0.48223939
2024-12-30,-0.00410861,-0.00408471,0.61640522,0.47618486
2024-12-31,0.00099644,0.00003067,0.61801586,0.47623014
2025-01-01,-0.00444254,-0.00285610,0.61082777,0.47201388
2025-01-02,-0.00165631,-0.00282935,0.60815974,0.46784904
2025-01-03,0.00241624,0.00301985,0.61204543,0.47228172
2025-01-06,0.00358875,0.00089155,0.61783066,0.47359433
2025-01-07,0.00305572,0.00143349,0.62277430,0.47570671
2025-01-08,0.00035798,0.00058519,0.62335522,0.47657028
2025-01-09,0.00246096,-0.00052944,0.62735024,0.47578853
2025-01-10,0.00588835,0.00169896,0.63693265,0.47829584
2025-01-13,0.00266633,0.00148844,0.64129726,0.48049619
2025-01-14,-0.00064855,-0.00077076,0.64023279,0.47935509
2025-01-15,-0.00674119,-0.00314906,0.62917568,0.47469651
2025-01-16,-0.00435602,-0.00200970,0.62207895,0.47173282
2025-01-17,-0.00199329,-0.00193951,0.61884567,0.46887837
2025-01-20,-0.00256183,-0.00061363,0.61469847,0.46797702
2025-01-21,-0.00009692,0.00004225,0.61454198,0.46803904
2025-01-22,0.00132351,0.00132527,0.61667884,0.46998459
2025-01-23,0.00474201,0.00432782,0.62434514,0.47634643
2025-01-24,0.00068764,0.00086683,0.62546210,0.47762617
2025-01-27,0.00389699,0.00343083,0.63179651,0.48269565
2025-01-28,0.00195636,0.00302833,0.63498889,0.48718575
2025-01-29,-0.01163846,-0.00905006,0.61596014,0.47372663
2025-01-30,-0.00432570,-0.00327932,0.60896997,0.46889381
2025-01-31,0.00053373,0.00102379,0.60982873,0.47039764
2025-02-03,-0.00298494,-0.00034552,0.60502349,0.46988959
2025-02-04,0.00389581,0.00203568,0.61127636,0.47288182
2025-02-05,0.00604505,0.00265986,0.62101661,0.47679948
2025-02-06,0.00558030,0.00253370,0.63006237,0.48054125
2025-02-07,-0.00227985,-0.00444606,0.62634606,0.47395868
2025-02-10,0.00741339,0.00296408,0.63840281,0.47832760
2025-02-11,0.00185038,0.00143745,0.64143447,0.48045262
2025-02-12,-0.00133600,-0.00085058,0.63924151,0.47919338
2025-02-13,-0.00504681,-0.00456919,0.63096857,0.47243466
2025-02-14,-0.00148004,-0.00087272,0.62855467,0.47114964
2025-02-17,-0.00140546,-0.00070244,0.62626580,0.47011624
2025-02-18,-0.00045212,-0.00287196,0.62553054,0.46589413
2025-02-19,0.00145357,0.00261384,0.62789336,0.46972575
2025-02-20,-0.00007679,-0.00052081,0.62776836,0.46896030
2025-02-21,0.00256388,0.00139561,0.63194177,0.47101040
2025-02-24,0.00591216,0.00388333,0.64159007,0.47672281
2025-02-25,0.00731254,0.00613356,0.65359426,0.48578038
2025-02-26,-0.00618767,-0.00300827,0.64336235,0.48131075
2025-02-27,-0.01114781,-0.00697531,0.62504247,0.47097814
2025-02-28,0.00293811,-0.00030128,0.62981702,0.47053497
2025-03-03,-0.00635943,-0.00300592,0.61945232,0.46611466
2025-03-04,0.00053340,0.00188672,0.62031613,0.46888081
2025-03-05,-0.00602399,-0.00392784,0.61055537,0.46311128
2025-03-06,-0.00946935,-0.00699910,0.59530446,0.45287081
2025-03-07,0.00245031,0.00126741,0.59921344,0.45471219
2025-03-10,0.00458503,0.00392118,0.60654589,0.46041638
2025-03-11,-0.00242326,-0.00186317,0.60265281,0.45769538
2025-03-12,-0.00961794,-0.00332346,0.58723859,0.45285078
2025-03-13,-0.00315484,-0.00254219,0.58223110,0.44915735
2025-03-14,0.00253556,0.00158321,0.58624294,0.45145168
2025-03-17,-0.00660063,-0.00416964,0.57577274,0.44539964
2025-03-18,0.00300178,0.00218961,0.58050287,0.44856450
2025-03-19,0.00179830,0.00439996,0.58334508,0.45493812
2025-03-20,0.00251982,0.00249120,0.58733483,0.45856266
2025-03-21,0.00307951,0.00369711,0.59222304,0.46395513
2025-03-24,-0.00246314,-0.00004847,0.58830117,0.46388417
2025-03-25,0.00375175,0.00087870,0.59426008,0.46517048
2025-03-26,0.00001063,0.00227731,0.59427703,0.46850713
2025-03-27,0.00048371,-0.00002026,0.59504820,0.46847738
2025-03-28,-0.00233596,-0.00092631,0.59132224,0.46711711
2025-03-31,-0.00296911,-0.00080803,0.58659742,0.46593163
2025-04-01,-0.00249407,0.00028559,0.58264034,0.46635029
2025-04-02,0.00080560,0.00028170,0.58391531,0.46676335
2025-04-03,0.00807332,0.00533696,0.59670277,0.47459141
2025-04-04,-0.00682945,-0.00457277,0.58579816,0.46784845
2025-04-07,-0.00817518,-0.00523576,0.57283398,0.46016315
2025-04-08,0.00732190,0.00636007,0.58435011,0.46944989
2025-04-09,-0.00241947,-0.00164469,0.58051682,0.46703310
2025-04-10,-0.00091540,0.00027742,0.57907002,0.46744008
2025-04-11,0.00267054,0.00151323,0.58328699,0.46966065
2025-04-14,-0.00238595,-0.00144891,0.57950934,0.46753124
2025-04-15,0.00885428,0.00496920,0.59349476,0.47482370
2025-04-16,0.00042863,-0.00141190,0.59417777,0.47274140
2025-04-17,-0.00296156,-0.00221340,0.58945653,0.46948163
2025-04-18,0.01087798,0.00635985,0.60674660,0.47882731
2025-04-21,-0.00089385,0.00079790,0.60531041,0.48000726
2025-04-22,0.00444174,0.00272972,0.61244079,0.48404728
2025-04-23,0.00091906,-0.00096342,0.61392272,0.48261752
2025-04-24,0.00732721,0.00475890,0.62574827,0.48967314
2025-04-25,0.00743439,0.00439272,0.63783472,0.49621686
2025-04-28,-0.00155895,-0.00116037,0.63528142,0.49448070
2025-04-29,-0.00368928,-0.00191434,0.62924841,0.49161976
2025-04-30,0.00392664,0.00403484,0.63564589,0.49763820
2025-05-01,-0.00250544,-0.00105608,0.63154789,0.49605658
2025-05-02,0.01126945,0.00775656,0.64993454,0.50766084
2025-05-05,-0.00009786,-0.00114418,0.64977308,0.50593580
2025-05-06,-0.00298784,-0.00218965,0.64484381,0.50263833
2025-05-07,0.00058828,-0.00076498,0.64581144,0.50148884
2025-05-08,-0.00597960,-0.00265179,0.63597014,0.49750721
2025-05-09,-0.00442375,-0.00210710,0.62873302,0.49435182
2025-05-12,0.00410204,0.00184436,0.63541414,0.49710794
2025-05-13,-0.00326987,-0.00161010,0.63006655,0.49469744
2025-05-14,-0.00451025,-0.00251923,0.62271454,0.49093196
2025-05-15,0.00269684,0.00098782,0.62709074,0.49240473
2025-05-16,0.00553430,0.00232560,0.63609555,0.49587546
2025-05-19,0.00331838,0.00196088,0.64152473,0.49880869
2025-05-20,0.00456324,0.00134866,0.64901540,0.50083007
2025-05-21,-0.00391287,-0.00189452,0.64256302,0.49798671
2025-05-22,-0.00644043,-0.00383021,0.63198420,0.49224910
2025-05-23,0.00721051,0.00440112,0.64375165,0.49881667
2025-05-26,0.00070528,0.00287357,0.64491095,0.50312362
2025-05-27,-0.00181310,-0.00151664,0.64192856,0.50084392
2025-05-28,0.00676626,0.00332174,0.65303827,0.50582933
2025-05-29,0.00153002,-0.00057610,0.65556745,0.50496182
2025-05-30,0.00314676,0.00233198,0.66077711,0.50847136
2025-06-02,0.00763320,0.00123311,0.67345415,0.51033147
2025-06-03,-0.00349485,-0.00261056,0.66760567,0.50638866
2025-06-04,0.00367781,0.00111838,0.67373881,0.50807337
2025-06-05,0.00155557,0.00160862,0.67634243,0.51049928
2025-06-06,0.00098324,-0.00018108,0.67799068,0.51022575
2025-06-09,0.00912876,0.00573167,0.69330865,0.51888187
2025-06-10,0.00153706,0.00109502,0.69591137,0.52054508
2025-06-11,0.00384883,0.00362568,0.70243865,0.52605809
2025-06-12,0.00744258,0.00503000,0.71510918,0.53373417
2025-06-13,-0.00276489,-0.00249009,0.71036710,0.52991503
2025-06-16,-0.00277367,0.00041225,0.70562311,0.53054575
2025-06-17,-0.00471079,-0.00342556,0.69758828,0.52530278
2025-06-18,-0.00904951,-0.00487238,0.68222594,0.51787092
2025-06-19,0.00989100,0.00567291,0.69886484,0.52648166
2025-06-20,-0.00658916,-0.00453884,0.68767074,0.51955321
2025-06-23,0.00047130,0.00096163,0.68846614,0.52101447
2025-06-24,0.00019280,0.00164477,0.68879169,0.52351618
2025-06-25,0.00040257,-0.00021916,0.68947154,0.52318229
2025-06-26,0.00492508,0.00294503,0.69779233,0.52766811
2025-06-27,0.00530151,0.00387035,0.70679319,0.53358072
2025-06-30,-0.00446079,-0.00448630,0.69917955,0.52670061
2025-07-01,0.00039418,0.00248039,0.69984934,0.53048743
2025-07-02,0.00226900,0.00170565,0.70370629,0.53309791
2025-07-03,-0.00086069,-0.00040664,0.70223993,0.53247449
2025-07-04,0.00647607,0.00211347,0.71326375,0.53571333
2025-07-07,0.00543155,0.00492320,0.72256943,0.54327396
2025-07-08,0.00280954,0.00113966,0.72740905,0.54503276
2025-07-09,0.00401664,0.00180789,0.73434742,0.54782601
2025-07-10,0.00725810,0.00410524,0.74693549,0.55418021
2025-07-11,0.00082652,0.00066397,0.74837937,0.55521213
2025-07-14,-0.00630086,-0.00399205,0.73736308,0.54900365
2025-07-15,0.00103170,-0.00093250,0.73915552,0.54755920
2025-07-16,-0.00371009,-0.00231066,0.73270309,0.54398332
2025-07-17,-0.00325348,-0.00234780,0.72706579,0.54035835
2025-07-18,0.00142492,-0.00069482,0.72952672,0.53928808
2025-07-21,0.00636048,0.00340158,0.74052733,0.54452409
2025-07-22,-0.00020537,-0.00045426,0.74016987,0.54382248
2025-07-23,0.00181276,0.00124351,0.74332438,0.54574224
2025-07-24,0.00906200,0.00596597,0.75912238,0.55496410
2025-07-25,0.00208843,0.00194360,0.76279618,0.55798633
2025-07-28,0.01387401,0.00809334,0.78725324,0.57059564
2025-07-29,0.00273337,0.00081590,0.79213846,0.57187710
2025-07-30,-0.01099193,-0.00746043,0.77243940,0.56015021
2025-07-31,0.00418929,0.00247780,0.77986466,0.56401594
2025-08-01,0.00326566,0.00297949,0.78567709,0.56867591
2025-08-04,0.00478841,0.00064513,0.79422765,0.56968791
2025-08-05,0.00332169,0.00061796,0.80018752,0.57065792
2025-08-06,0.00007654,0.00149067,0.80032531,0.57299926
2025-08-07,-0.00844308,-0.00792337,0.78512501,0.56053581
2025-08-08,-0.00204516,-0.00178176,0.78147415,0.55775531
2025-08-11,-0.00394501,-0.00266764,0.77444622,0.55359978
2025-08-12,-0.00403619,-0.00389928,0.76728421,0.54754186
2025-08-13,0.00126695,-0.00127691,0.76952327,0.54556578
2025-08-14,0.00912860,0.00658030,0.78567655,0.55573607
2025-08-15,0.00161800,0.00038554,0.78856578,0.55633588
2025-08-18,-0.00500034,-0.00179129,0.77962233,0.55354803
2025-08-19,0.00210276,0.00186312,0.78336444,0.55644247
2025-08-20,0.00738814,0.00456630,0.79654018,0.56354966
2025-08-21,-0.00240913,-0.00179559,0.79221208,0.56074216
2025-08-22,-0.00072157,-0.00025928,0.79091887,0.56033750
2025-08-25,0.00003003,0.00059100,0.79097265,0.56125965
2025-08-26,-0.00287738,-0.00056122,0.78581934,0.56038344
2025-08-27,0.00370775,0.00188628,0.79244071,0.56332675
2025-08-28,0.00070890,0.00172315,0.79371136,0.56602059
2025-08-29,0.00314401,0.00204479,0.79935080,0.56922278
2025-09-01,-0.00366204,-0.00110556,0.79276150,0.56748791
2025-09-02,-0.00356804,-0.00452536,0.78636485,0.56039446
2025-09-03,0.00705289,0.00663060,0.79896388,0.57074081
2025-09-04,-0.00167253,-0.00046244,0.79595506,0.57001444
2025-09-05,0.01053605,0.00658517,0.81487734,0.58035325
2025-09-08,-0.00104104,-0.00016667,0.81298797,0.58008986
2025-09-09,-0.00002257,-0.00161262,0.81294704,0.57754177
2025-09-10,0.00417844,0.00245198,0.82052233,0.58140987
2025-09-11,-0.00749130,-0.00422851,0.80688424,0.57472286
2025-09-12,-0.00983498,-0.00561175,0.78911357,0.56588591
2025-09-15,-0.00638613,-0.00135827,0.77768806,0.56375902
2025-09-16,0.00682487,0.00448534,0.78982055,0.57077301
2025-09-17,-0.00377196,-0.00308899,0.78306942,0.56592091
2025-09-18,0.01420244,0.00822449,0.80839336,0.57879980
2025-09-19,-0.00238195,-0.00062924,0.80408585,0.57780635
2025-09-22,0.00089860,0.00159518,0.80570701,0.58032323
2025-09-23,0.00607646,0.00106001,0.81667932,0.58199839
2025-09-24,0.01062267,0.00509484,0.83597730,0.59005842
2025-09-25,0.00898194,0.00294540,0.85246794,0.59474178
2025-09-26,0.00791919,0.00518417,0.86713800,0.60300919
2025-09-29,0.00333680,-0.00149422,0.87336826,0.60061395
2025-09-30,0.00450945,0.00328602,0.88181613,0.60587360
2025-10-01,0.00592347,0.00385614,0.89296301,0.61206608
2025-10-02,-0.00227154,-0.00098934,0.88866306,0.61047119
2025-10-03,-0.00356025,-0.00064080,0.88193896,0.60943920
2025-10-06,-0.00170610,-0.00413863,0.87872818,0.60277832
2025-10-07,0.00119784,0.00260454,0.88097859,0.60695283
2025-10-08,-0.00129560,0.00109928,0.87854160,0.60871932
2025-10-09,0.00404956,0.00099766,0.88614887,0.61032428
2025-10-10,0.00589019,0.00389221,0.89725864,0.61659200
2025-10-13,0.00150370,0.00115004,0.90011156,0.61845114
2025-10-14,0.00878530,0.00458375,0.91680460,0.62586972
2025-10-15,-0.00614162,-0.00295842,0.90503231,0.62105971
2025-10-16,-0.00014346,0.00077930,0.90475902,0.62232300
2025-10-17,-0.00167944,0.00114787,0.90156010,0.62418522
2025-10-20,-0.00929777,-0.00466870,0.88387982,0.61660239
2025-10-21,-0.00022487,-0.00051696,0.88345619,0.61576667
2025-10-22,-0.00192119,-0.00284125,0.87983772,0.61117587
2025-10-23,0.00656408,0.00038807,0.89217713,0.61180111
2025-10-24,0.00304776,0.00072033,0.89794404,0.61296214
2025-10-27,-0.00481169,-0.00240015,0.88881172,0.60909079
2025-10-28,0.01085996,0.00673564,0.90932414,0.61992905
2025-10-29,0.00654687,0.00287904,0.92182423,0.62459289
2025-10-30,0.00506597,0.00431711,0.93156013,0.63160644
2025-10-31,-0.00170420,-0.00127202,0.92826837,0.62953100
2025-11-03,-0.00456189,-0.00194686,0.91947183,0.62635853
2025-11-04,-0.00255267,-0.00088009,0.91457205,0.62492719
2025-11-05,0.00764141,0.00531098,0.92920208,0.63355715
2025-11-06,0.01197954,0.00786138,0.95231304,0.64639917
2025-11-07,0.00867496,0.00349156,0.96924927,0.65214767
2025-11-10,-0.00329708,-0.00293441,0.96275650,0.64729959
2025-11-11,-0.00568626,-0.00304696,0.95159576,0.64228033
2025-11-12,0.00252752,0.00205005,0.95652846,0.64564709
2025-11-13,-0.00807286,-0.00325875,0.94073368,0.64028433
2025-11-14,0.00162361,-0.00022833,0.94388469,0.63990980
2025-11-17,-0.00066960,-0.00074386,0.94258307,0.63868995
2025-11-18,-0.00253716,-0.00203562,0.93765443,0.63535419
2025-11-19,-0.01017288,-0.00641678,0.91794289,0.62486048
2025-11-20,0.00271966,0.00037025,0.92315904,0.62546208
2025-11-21,-0.00140796,0.00018819,0.92045131,0.62576797
2025-11-24,-0.00656378,-0.00423821,0.90784588,0.61887762
2025-11-25,-0.01561271,-0.00860158,0.87805924,0.60495271
2025-11-26,-0.00164746,-0.00191472,0.87496522,0.60187968
2025-11-27,0.00941147,0.00401907,0.89261140,0.60831775
2025-11-28,0.00915207,0.00378363,0.90993271,0.61440303
2025-12-01,-0.00221296,-0.00083055,0.90570609,0.61306220
2025-12-02,-0.00289152,-0.00046178,0.90019570,0.61231732
2025-12-03,0.00141482,-0.00085505,0.90288413,0.61093871
2025-12-04,-0.00593893,-0.00273282,0.89158304,0.60653630
2025-12-05,0.00268884,0.00156144,0.89666921,0.60904480
2025-12-08,0.00449555,0.00304841,0.90519577,0.61394984
2025-12-09,0.00784575,0.00511298,0.92014347,0.62220192
2025-12-10,-0.00098574,-0.00173476,0.91825070,0.61938780
2025-12-11,-0.00068838,0.00070585,0.91693021,0.62053085
2025-12-12,-0.00626515,-0.00493224,0.90492036,0.61253800
2025-12-15,-0.00396465,-0.00077031,0.89736803,0.61129585
2025-12-16,-0.00111976,-0.00007709,0.89524343,0.61117162
2025-12-17,0.00301994,0.00257886,0.90096696,0.61532661
2025-12-18,0.00494538,0.00278443,0.91036796,0.61982438
2025-12-19,-0.00401825,-0.00280195,0.90269162,0.61528571
2025-12-22,0.00972371,0.00558101,0.92119285,0.62430064
2025-12-23,-0.00124172,-0.00119511,0.91880727,0.62235943
2025-12-24,-0.00116711,-0.00261283,0.91656781,0.61812048
2025-12-25,-0.00213015,0.00051198,0.91248523,0.61894893
2025-12-26,-0.01263432,-0.00532833,0.88832227,0.61032264
2025-12-29,0.00516183,0.00290257,0.89806947,0.61499671
2025-12-30,0.00329796,-0.00039724,0.90432922,0.61435517
2025-12-31,-0.00116404,-0.00130476,0.90211251,0.61224882
